Job,Company,Location,Days posted
"Manager, Data Management and GovernancePromoted",GREAT EASTERN,"Eastern Province, KE",1d
Senior ConsultantPromoted,Edgile,"Eastern Province, KE",5d
"Director, Partner EngineeringPromoted",Andela,"Nairobi, KE",6d
Data Analyst Intern,Kenya Red Cross,"Nairobi, KE",New
Young Leadership Programme Fellow - Kenya,McKinsey & Company,"Nairobi, KE",New
Analytical Consultant,Google,"Nairobi, KE",5d
COMMUNICATION AND PROGRAM SUPPORT (WILDLIFE),United Nations,"Nairobi, KE",2d
"Monitoring Specialist, Fixed Term, P-4, Nairobi, Kenya, Eastern and Southern Africa Regional Office (ESARO)",UNICEF,"Nairobi, KE",1d
Full time opportunities students & recent graduates: Customer Facing Technologies,Microsoft,"Nairobi, KE",New
Head of Product Strategy,DT One,"Nairobi, Kenya",1d
Kenya Data Analytics Specialist,One Acre Fund,"Kakamega, KE",2d
Information Technology Assistant,Murban Movers Ltd,"Dagoretti, Nairobi, Kenya",1d
Software Engineering Intern,Gro Intelligence,"Nairobi, KE",5d
International Project Manager - Kenya,Zenysis Technologies,"Nairobi, KE",1d
Data Engineer – Cape Town – R550k to R750k per annum,e-Merge IT Recruitment,"Western Province, KE",4d
Data Design Associate,Komaza,"Nairobi, Kenya",1d
Junior BI Developer / Analyst,PERSONA staff,"Western Province, KE",4d
IT Intern,Penda Health,"Nairobi, KE",4d
Consultant,Edgile,"Eastern Province, KE",5d
Senior Research Associate - Kenya,Laterite,"Nairobi, KE",New
Expansion Manager West Africa,BURN Manufacturing,"Nairobi, Kenya",New
Sales Analyst,Savannah Brands,"Nairobi, Kenya",New
OCM Consultant,Jobskey Search and Selection,"Eastern Province, KE",New
Operations Officer,World Bank Group,"Nairobi, KE",1d
Cloud Talent Engagement Lead,CloudFactory.,"Nairobi, Kenya",5d
Strategy AnalystPromoted,One Acre Fund,"Nairobi, KE",5d
"Investment Manager, Energy Access for Africa and Asia Promoted",Bamboo Capital Partners,"Nairobi, Kenya",New
Finance GITPromoted,Coca-Cola Beverages Africa,Kenya,4d
Communication and Program Support (Wildlife) at United Nations Environment Programme,UN Environment Programme,"Nairobi, KE",1d
Research and Communications Assistant-Intern,UNOPS,"Nairobi, KE",New
Information Systems Auditors at Central Bank of Kenya,Central Bank of Kenya,"Nairobi, KE",6d
Communications Coordinator at World Agroforestry,World Agroforestry,"Nairobi, KE",6d
Simulation Software Development Engineer (FL),Broader Intelligence,"Eastern Province, KE",New
Journalist – Multimedia (Nairobi),BBC,"Nairobi, KE",5d
6-Month Full Time Career Start Accelerator (Including Job Placement),Yusudi,"Nairobi, KE",New
Research Associate II – Livestock Genetics at International Livestock Research Institute (ILRI),International Livestock Research Institute (ILRI),"Nairobi, KE",5d
"Consultant, Inclusive Growth and Resilience",IPE Triple Line,"Nairobi, Kenya",6d
LEC Kenya & Zimbabwe,The Coca-Cola Company,"Nairobi, KE",New
MONITORING AND EVALUATION OFFICER,Mercy Corps,"Maralal, KE",New
Database Administrator at Standard Bank and Trust Co,Standard Bank and Trust Co.,"Nairobi, KE",5d
Business Intelligence Developer,ICON Oncology,"Western Province, KE",1d
"Exciting Recruitment at I&M Bank Ltd (February, 2020 Recommended Jobs)",I&M Bank Ltd,"Nairobi, KE",6d
Senior Marketing Technical Advisor,Population Services International,"Nairobi, Kenya",New
Power & Utilities Sales Leader Africa F-H,Bureau Veritas Group,"Nairobi, Kenya",New
Search Engine Optimization Specialist,Qallann Marketing Agency,"Nairobi Hill, Nairobi, Nairobi, Kenya",6d
R&D Manager,Bettingjobs.com,"Eastern Province, KE",New
Budget & Programming Associate at United Nations World Food Programme,United Nations World Food Programme,"Nairobi, KE",5d
Trainee Programme: Information Technology,Staff Solutions Limited,"Western Province, KE",1d
Program Coordinator,Department of Health (WA Health),"Western Province, KE",3d
GIS Intern,Kenya Red Cross,"Nairobi, KE",New
Business Developer Hydro/SolarPromoted,Voltalia,"Nairobi, Kenya",New
Investment AnalystPromoted,Nordic Microfinance Initiative (NMI),"Nairobi, Kenya",New
Credit Risk AnalystPromoted,Pezesha,"Nairobi, Kenya",2d
Data Engineer – Cape Town – R540k to R700k per annum,e-Merge IT Recruitment,"Western Province, KE",4d
"Internship: Knowledge Management and Data Analytics, UNICEF ESARO - Nairobi, Kenya (3 months)",UNICEF,"Nairobi, KE",4d
Information Officer,Chiltern Farms,"Western Province, KE",4d
Coordinator Consultant (Washington D.C.) WeEmpower through responsible business conduct in G7 countries programme - Homebased,UN Women,"Revival Homebased Church, KE",6d
FBF Regional Coordinator,UN World Food Programme WFP,"Nairobi, KE",New
"Social Scientist, Qualitative Methods (19-117 )",International Potato Center (CIP),"Nairobi, KE",5d
TRAVEL ASSISTANT,United Nations,"Nairobi, KE",6d
Fund Services Supervisor at Cytonn Investments,Cytonn Investments,"Nairobi, KE",2d
Team Lead-Laboratory Analyst,Unilever,"Nairobi, KE",1d
Software Engineer,Gro Intelligence,"Nairobi, KE",1d
Credit Administration Officer,Oikocredit,"Nairobi, Kenya",New
Investment Analyst,Adept Management Consultants Ltd,"Nairobi, KE",New
Country Director,Danish Refugee Council / Dansk Flygtningehjælp,"Nairobi, Kenya",New
Humanitarian Information and Communications Coordinator,Save the Children International,"Nairobi, KE",6d
Product Manager – Finserve Africa at Equity Bank,Equity Bank Limited,"Nairobi, KE",1d
Operations & Finance Senior Associate,Instiglio,"Nairobi, KE",3d
Client Account Manager,Captivate Africa,"Nairobi, Kenya",1d
Agricultural Economist / Team Lead,Info Gain Consulting,"Nairobi, KE",New
Fraud Analyst (Kenya),Cigna,"Nairobi, KE",2d
Field Sales Specialist,Alpha Data,,
Manager.Applications Development,Kenya Airways,"Nairobi, KE",4d
Legal Intern,FMC 》Fidel Mwaki & Co Advocates,"Nairobi, Kenya",1d
"People Experience Associate, EMEAPromoted",GitLab Inc.,"Nairobi, KE",4d
FBF Regional Coordinator Promoted,World Food Programme,"Nairobi, Kenya",New
Founding PartnerPromoted,Privilege Fund,"Nairobi, Kenya",4d
Senior Regional Information Technology Specialist,RTI International,"Nairobi, KE",5d
"Monitoring, Evaluation, Reporting and Learning (MERL) Manager at The BOMA Project",The BOMA Project,"Nairobi, KE",1d
Health Care Ecosystem Partner (Western Canada),Roche,"Western Province, KE",4d
"Coordination Officer, Administration at United Nations Human Settlements Programme",UN-Habitat (United Nations Human Settlements Programme),"Nairobi, KE",6d
Training Team Leader at Centum,CENTUM Financial Group Inc.,"Nairobi, KE",2d
Programme Officer Kenya Office,CharityJob,"Nairobi, KE",New
"Credit Analyst, East Africa",Root Capital,"Nairobi, KE",1d
Sales And Marketing Specialist,Self Employed,,
Marketing Executive,Alliance In Motion Global Incorporated,,
Sub-Saharan Africa - Technology Project Lead,Citi,"Nairobi, KE",5d
"Transport Procurement Associate, Nairobi",Lori,"Nairobi, KE",5d
"Ongoing Interns Recruitment at Central Bank of Kenya (February, 2020 Recommended Jobs)",Central Bank of Kenya,"Nakuru, KE",2d
"Software Engineer - $30,000/year USD - JobID #3890",Crossover for Work,"Nairobi, KE",New
Director of Operations and Finance,None on Record,"Nairobi, Kenya",New
"Investment Associate, Agri-Business Capital (ABC) Fund",Bamboo Capital Partners,"Nairobi, Kenya",New
Senior IT Assistant,World Bank Group,"Nairobi, KE",1d
Technical Support Partner at Christian Aid,Christian Aid,"Nairobi, KE",6d
Brand Manager,Novartis,"Nairobi, KE",6d
Senior Student Services Administrator,Pearson,"Nairobi, KE",2d
Research Associate II – Livestock Genetics,International Livestock Research Institute (ILRI),"Nairobi, KE",4d
Project Coordinator,Aecon Group Inc.,"Western Province, KE",3d
Kenya Country Director,Precision Agriculture for Development (PAD),"Nairobi, Kenya",New
Compliance ManagerPromoted,Pepperstone,"Nairobi, Kenya",New
Managing Executive: Smallholder FarmingPromoted,Mezzanine,"Nairobi, Kenya",2d
"Associate, Digital & Affinity Marketing - GEGMPromoted",GREAT EASTERN,"Eastern Province, KE",1d
Logistics Manager,Soko,"Nairobi, KE",4d
"Software Engineer C++, based in Mechelen, Belgium, relocation support provided, multiple positions available!",Ormco,"Eastern Province, KE",5d
Strategic Assistant to CEO,BURN Manufacturing,"Nairobi, KE",4d
Tour Consultant,Halifax Group ,"Nairobi, Kenya",1d
HORSE TRAINER AND MANAGER,Cv People Africa,"Eastern Province, KE",4d
Integration Engineer - UDM,Ericsson,"Nairobi, KE",3d
Communications Manager,The AECF,"Nairobi, Kenya",2d
Retail Operations Officer,Moko Home + Living,"Nairobi, Kenya",2d
New Install Technician,NuPay.,"Eastern Province, KE",4d
Compliance Specialist covering Sub Saharan Africa based in Kenya,Medtronic,"Nairobi, KE",5d
Technical Advisor at Centre for Health Solutions,"Health Solutions (now Interactive Health, Inc.)","Nairobi, KE",5d
Biomedical Engineer-Retainer,UNOPS,"Nairobi, KE",1d
Climate Research Intern,Kenya Red Cross,"Nairobi, KE",New
Junior Associate position at Employment Law Firm - Port Elizabeth,Boyens Group,"Eastern Province, KE",6d
Communications Coordinator,World Agroforestry,"Nairobi, KE",6d
Account Manager,Diversey,"Nairobi, KE",New
Business Development Manager,Robert Walters,"Mombasa, KE",5d
Electrical Systems: Data Centre Internship (JHB/CPT),Liquid Telecom,"Western Province, KE",6d
Human Resource GIT,Coca-Cola Beverages Africa,Kenya,4d
Project Manager [Contractor] Purpose Climate Lab,Purpose PBC,"Nairobi, KE",New
Project Director,International Rescue Committee,"Nairobi, KE",1d
"Regional IT Manager, VisionFund",World Vision,"Nairobi, Kenya",5d
Business Development Manager - MerchantPromoted,Air Products,"Eastern Province, KE",6d
Head of Cross Border PaymentsPromoted,Equity Bank Limited,"Nairobi, Kenya",4d
CEO Fellowship of an Early Stage Social EnterprisePromoted,Jijenge Academy,"Nairobi, Kenya",New
Programme Manager - Marsabit,Concern Worldwide,"Marsabit, KE",4d
"Plant Operator (Kenya - Mombasa, KE)",Wärtsilä,"Mombasa, KE",6d
"Latest Jobs at CloudFactory (February, 2020 Recommended Jobs)",CloudFactory.,"Nairobi, KE",5d
"Kenya Monitoring, Evaluation and Learning Specialist",One Acre Fund,"Kakamega, KE",2d
Site Scheduler Assistant,GSK,"Nairobi, KE",6d
"Medical Representative ""Saudi Arabia Eastern Region based""",Merck Group,"Eastern Province, KE",1d
Real Estate Manager,Workforce Africa,"Nairobi, Kenya",6d
"Programme Management Officer, UN Human Settlements Programme, Temporary job opening, six (6) months from the Entry on Duty;",United Nations,"Nairobi, KE",2d
Senior Analyst Digital Channels & CX Value Delivery,Britam,"Nairobi, KE",New
"Business Manager, East & West Africa",Epson Europe B.V.,Kenya,1d
Quality Assurance Engineer (Tester),NFT Consult,"Nairobi, KE",3d
Program Support Worker,"Department of Health & Human Services, Victoria","Western Province, KE",2d
Fire Information Management Officer,Department of Health (WA Health),"Western Province, KE",2d
PROFESSIONAL OFFICER: REGULATORY ANALYST,City of Cape Town,"Western Province, KE",6d
Creditors clerk,myNEXT,"Eastern Province, KE",4d
Old Mutual is hiring - Financial advisor position,Natalie Inc,"Eastern Province, KE",6d
Sales-IT Background,Career Directions Ltd,"Nairobi, KE",New
ASSISTANT BUSINESS DEVELOPMENT MANAGER (LIFE),Madison Insurance Company Kenya Ltd,"Nairobi, Kenya",New
Operations Specialist,JobsInLogistics.com,"Western Province, KE",New
Africa Compliance Manager,bioMérieux,"Nairobi, Kenya",6d
Activation Operations Manager,Captivate Africa,"Nairobi, Kenya",5d
Sales Engineer,Geberit,"Nairobi, Kenya",New
Social Media Lead.Corporate CommunicationsPromoted,Kenya Airways,"Nairobi, KE",New
Development ManagerPromoted,Voltalia,"Nairobi, Kenya",1d
"Information Technology Support Specialist - $30,000/year USD - JobID #3073Promoted",Crossover for Work,"Nairobi, KE",New
Access to alternative fuels project Consultant,Practical Action,"Kisumu, KE",New
Shop Assistant,Alliance In Motion Global Incorporated,,
Sub Saharan Africa - Senior Solutions Architect,Citi,"Nairobi, KE",5d
Director of Customer Experience at Angaza,Angaza,"Nairobi, KE",5d
Sales & Service Banking Consultant,Suncorp Group,"Western Province, KE",6d
OFFICE SUPPORT II - ATTENDANCE,Guilford County Schools,"Eastern Province, KE",4d
React.Js Developer,Datafin Recruitment,"Eastern Province, KE",New
Senior Journalist - Multimedia (Nairobi),BBC,"Nairobi, KE",5d
Retail Sales Specialist,Digital Marketing Group,,
Service Team Lead (ICT),Bridge Personnel Concepts,"Eastern Province, KE",6d
Operations & Finance Associate,Instiglio,"Nairobi, Kenya",4d
Geotechnical Engineer,BASF,"Western Province, KE",5d
Senior Data Engineer – Cape Town – R750k to R900k per annum,e-Merge IT Recruitment,"Western Province, KE",4d
Compliance and Legal Assistant,European Australian Business Council (EABC),"Nairobi, KE",5d
System Security Administrator at Text Book Centre Ltd,Text Book Centre Ltd,"Nairobi, KE",6d
"Manager, Raw Material",PVH Corp.,"Nairobi, KE",1d
Project Administrator ICS-Migori,VSO,"Nakuru, KE",2d
Investment Analyst – Private Equity Funds (PE),World Bank Group,"Nairobi, KE",5d
Technologist: Process Control and Instrumentation,multiSEARCH,"Eastern Province, KE",1d
Associate Subaward Manager,Population Services International,"Nairobi, KE",6d
Subsidiary PMM Manager (Azure),Microsoft,"Nairobi, KE",New
Senior Investigator (Africa),International Federation of Red Cross and Red Crescent Societies - IFRC,"Nairobi, KE",5d
Medical Sales Representatives - KenyaPromoted,Vezeeta.com,"Nairobi, KE",1d
Plant Mechanical EngineerPromoted,Diageo,"Nairobi, KE",2d
Temporary Translator (Somali-Swahili-English)Promoted,FHI 360,"Nairobi, KE",2d
Admin Assistant,Hutech International Group,"Eastern Province, KE",New
Freelance Project Manager (Humanitarian),Mainspring Resourcing Solutions,"Nairobi, KE",6d
Sales Executive,Africa Plantation Capital,"Nairobi, KE",New
Office / Staff Driver,Sense of Africa (East Africa),"Nairobi, KE",4d
Market Research - Product Manager,BURN Manufacturing,"Ruiru, KE",4d
Office Administrator,Travelport,"Nairobi, KE",1d
Executive Assistant to the C.E.O,Summit Recruitment & Search,"Nairobi, KE",4d
Service Manager,Motor Staff,"Eastern Province, KE",1d
HR Business Partner - Marketing,British American Tobacco,"Nairobi, KE",New
Accounting Analyst,International Potato Center (CIP),"Nairobi, KE",5d
New Business Development,West Coast Personnel,"Western Province, KE",4d
"Director- Health, Nutrition and WASH",IPE Global Limited,"Nairobi, Kenya",5d
Field Service Engineer,People for Projects (P4P),"Western Province, KE",4d
NSW - Field Service Technician (Workshop),Valmec,"Eastern Province, KE",4d
Field Sales Representative,Alpha Data,,
Property Manager,Eden Heights Realty,"Nairobi, Kenya",2d
Maintenance Officer at Kilimall,Kilimall,"Nairobi, KE",5d
"Logistics Assistant, Cash Based Transfer (CBT), SC5, Kakuma",UN World Food Programme WFP,"Kakuma, KE",4d
Seeking Graduates To Teach In China With Legal Working VISA (18 000-35 000),China Work,"Western Province, KE",2d
Support Engineer,SOLID SYSTEMS LIMITED,"Western Province, KE",6d
Waste Runners / Offsiders - Eastern Creek,IPA,"Eastern Province, KE",New
Vastaavia ja vanhempia työnjohtajia (Pirkanmaa),Skanska,"Western Province, KE",6d
"Director, Adolescence – Demographic Transition (French speaking)Promoted",Children's Investment Fund Foundation (CIFF),"Nairobi, Kenya",1d
Invitation for Expression of Interest for Chief of Parties:Water and Development IDIQPromoted,RTI International,"Nairobi, KE",New
WW Coach - SouthlandPromoted,WW (formerly Weight Watchers),"Eastern Province, KE",4d
Accountant,ACCA Careers,"Western Province, KE",2d
School Nurse - Nova Pioneer Boys,Nova Pioneer,"Kiambu, KE",New
"UNPAID Sales and Marketing Volunteer to Boost Innovative Non-Profit Project in Turkana, Kenia",Startup Lions,"Nairobi, KE",1d
"Consultant, Advocacy Brief development",International Rescue Committee,"Nairobi, KE",6d
"Tekkie Town - Store Manager, Langeberg Mall",Pepkor IT,"Western Province, KE",New
Junior Takinspekteur / Junior Branch Inspector,OVK - Group/Groep,"Eastern Province, KE",2d
Assistant Scientist-Water & Sanitation at World Agroforestry,World Agroforestry,"Nairobi, KE",6d
Cost Accountant | Automotive | Port Elizabeth | Complement Recruitment,Métier Recruitment SA,"Eastern Province, KE",New
Store Person,UGL,"Eastern Province, KE",2d
Plantation Manager,Independent Recruiter,"Eastern Province, KE",4d
Property Manager,Pam Golding Properties,"Nairobi, Kenya",5d
Credit Administration Manager,G4S,"Nairobi, KE",5d
IT Intern,DRC - Danish Refugee Council,"Nairobi, KE",4d
Supply Chain and Logistics Coordinator with Japanese (m/f/d),beratung für IS,"Eastern Province, KE",3d
Logistics GIT,Coca-Cola Beverages Africa,Kenya,4d
First Line Processing Technician,South African National Blood Service,"Eastern Province, KE",4d
Sales Executive - Enterprise - Africa (Contractor),Entrust Datacard,"Nairobi, KE",1d
Technologist: Process Control & Instrumentatio,Alpha Labour Solutions,"Western Province, KE",4d
Community Health Aide - Atria Park of Great Neck,Atria Senior Living,"Western Province, KE",1d
Ingénieur Méthode Industrialisation MasterCam H/F,AKKA Tech,"Meru, KE",New
"Senior Investment Manager, Tech4Impact Fund ",Bamboo Capital Partners,"Nairobi, Kenya",New
"Associate / Assistant Manager, Agency Training-GEGMPromoted",GREAT EASTERN,"Eastern Province, KE",2d
DirectorPromoted,Edgile,"Eastern Province, KE",5d
Occupational Therapist | DisabilityPromoted,MARS Recruitment,"Eastern Province, KE",5d
Program Coordinator,Department of Health (WA Health),"Western Province, KE",5d
Project Manager - Transportation Design,Fleis & VandenBrink,"Eastern Province, KE",4d
Urgent Requirement for King Faisal University MOH KSA,Radico,"Eastern Province, KE",5d
Field Engineer,Aecon Group Inc.,"Western Province, KE",New
SERVER,Longhorn Steakhouse,"Western Province, KE",5d
General Assistant Position,Lulaway,"Eastern Province, KE",5d
Product Executive – Financial Services,Career Directions Ltd,"Nairobi, KE",6d
National Sales And Marketing Director,Paper Chasers,"Nairobi, Kenya",1d
"Software Engineer, Data Visualization",Gro Intelligence,"Nairobi, KE",New
Pupil / Legal Assistant,Alibhai Law Group,"Nairobi, KE",New
Accountant - East London,Synergy Human Resources,"Eastern Province, KE",6d
Site Scheduler Assistant,GSK,"Nairobi, KE",6d
Credit Officer,Moko Home + Living,"Nairobi, Kenya",2d
"Relief Social Care Worker, Ardseileach Core and Cluster Exceptional Care Package - CNS01890",Comhairle Nan Eilean Siar,"Western Province, KE",4d
Farm Manager,Helderberg Personnel,"Western Province, KE",6d
Comprehensive Ophthalmologist,ETS Vision,"Eastern Province, KE",1d
Flight Dispatcher.Operations Control,Kenya Airways,"Nairobi, KE",New
Production Manager,"FROGG Recruitment SA ""Providers of Professional Recruitment Services""​","Western Province, KE",4d
"Crew Member, Foschini V&A Waterfront",The Estée Lauder Companies Inc.,"Western Province, KE",6d
Justine est à la recherche de son/sa babysitter,Yoopala Services,"Meru, KE",3d
Laboratory Professionals: Microbiologist | JOB-2623222,CompHealth,"Eastern Province, KE",3d
Credit Administration Officer,Adept Management Consultants Ltd,"Nairobi, KE",New
"Field Marketing Manager, Public SectorPromoted",GitLab Inc.,"Eastern Province, KE",5d
"IT Support Specialist - $30,000/year USD - JobID #3073Promoted",Crossover for Work,"Nairobi, KE",New
Regional Sales Manager - FoodservicePromoted,Lassonde,"Western Province, KE",6d
Trainee Programme: HR Management,Staff Solutions Limited,"Western Province, KE",New
Plantation Manager,Affinity Staffing Group,"Eastern Province, KE",4d
Geotechnical Engineer,BASF,"Western Province, KE",5d
Hygienist,Aspen Dental,"Western Province, KE",6d
Junior Accountant,GAP Consulting,"Western Province, KE",2d
Assistant General Manager,UFC GYM,"Eastern Province, KE",5d
Beauty Advisor - Uitenhage,Clicks Group,"Western Province, KE",4d
Field Technician (Equipment),Audio Visual Innovations,"Western Province, KE",1d
Med/Surg,American Traveler,"Western Province, KE",New
Senior Java Developer,Parvana,"Western Province, KE",1d
Key Account Manager Food,Sales Talents,"Western Province, KE",New
Head Of Finance,Pezesha,"Nairobi, Kenya",2d
Cabinetry & Furniture,Kevin & Co,"Eastern Province, KE",6d
Corporate Sales Executive - Broking,Britam,"Nairobi, KE",6d
JUNIOR FARM MECHANIC,Farm Manager,"Eastern Province, KE",1d
Kenya Enrollment Project Specialist,One Acre Fund,"Kakamega, KE",1d
Package Handler,Alliance In Motion Global Incorporated,,
Business Development Manager Rwanda & Burundi,Diversey,"Nairobi, KE",1d
Internal Audit - Assistant Manager,Latitude Resource,"Western Province, KE",2d
"Group Head of Human Resource - Nairobi, Kenya",Summit Recruitment & Search,"Nairobi, KE",1d
Brilliant Pharm Techs,Penda Health,"Nairobi, KE",5d
Head of Sales & VIP,Bettingjobs.com,"Eastern Province, KE",4d
Services Sales ManagerPromoted,Microsoft,"Nairobi, KE",New
Head Of SalesPromoted,Mezzanine,"Nairobi, Kenya",2d
Project Compliance and Administration OfficerPromoted,BURN Manufacturing,"Nairobi, Kenya",New
HORSE MANAGER,Cv People Africa,"Eastern Province, KE",4d
Motorbike Driver : Greenacres,AMPATH,"Eastern Province, KE",1d
CUSTOMER SERVICE AGENT: PREPAID,Altron Bytes People Solutions,"Eastern Province, KE",1d
Waste Runners / Offsiders - Eastern Creek,IPA,"Eastern Province, KE",New
Fixed Period Term Sales Assistant - Cape Union Mart - Walmer Park,Cape Union Mart Group,"Eastern Province, KE",5d
Technology Wholesale Coordinator at Text Book Centre Ltd,Text Book Centre Ltd,"Nairobi, KE",6d
"Kokenut laskentainsinööri (Turku, Tampere tai Pori)",Skanska,"Western Province, KE",1d
Restaurant/Store Manager,Pernickety Pty Ltd,"Western Province, KE",1d
Legal and Compliance Secretary,myNEXT,"Eastern Province, KE",4d
Used Car Sales Executive,Astor Motor Recruitment,"Western Province, KE",4d
Investment Officer – Private Equity Funds,World Bank Group,"Nairobi, KE",5d
Responsible Pharmacist,Métier Recruitment SA,"Western Province, KE",1d
Case Manager - Workers Compensation,Kennedy Reid Group,"Eastern Province, KE",5d
Supply Chain Procurement Officer,International Rescue Committee,"Nairobi, KE",5d
Sales Representative Romania,Ormco,"Eastern Province, KE",5d
Associate Scientist-Water & Oceans,World Agroforestry,"Nairobi, KE",6d
Innovation Officer,UNHCR,"Nairobi, KE",5d
"Motorcycle Postie - Eastern Shore, Part Time Opportunity",Trading Post,"Eastern Province, KE",3d
School Nurse,BAKHITA CONSULTORIA,"Nairobi, KE",4d
Warehouse Supervisor,PERSONA staff,"Western Province, KE",New
Cross Trades and Customs Controller,Alpha Labour Solutions,"Western Province, KE",1d
Team Leader Moorings,Department of Health (WA Health),"Western Province, KE",5d
Dental HygienistPromoted,Aspen Dental,"Western Province, KE",4d
Key Account Manager SlovakiaPromoted,Ormco,"Eastern Province, KE",5d
Senior ArchitectPromoted,Edgile,"Eastern Province, KE",5d
National Sales And Marketing Director,Paper Chasers,"Nairobi, Kenya",5d
Sub-Sahara Africa Cluster Head - Location flexible,Citi,"Nairobi, KE",5d
"Child Protection Deputy Area Operations Manager, Central Highlands Area","Department of Health & Human Services, Victoria","Western Province, KE",5d
Tekkie Town Store Manager,Ackermans,"Western Province, KE",2d
Store Managers – Footwear – Burwood,Perfectly Placed Recruitment,"Western Province, KE",5d
Laboratory Professionals: Microbiologist | JOB-2623210,CompHealth,"Eastern Province, KE",3d
Credit Manager – Corporate & Investment Banking at Standard Bank and Trust Co,Standard Bank and Trust Co.,"Nairobi, KE",3d
Project Manager - Transportation Design,Fleis & VandenBrink,"Western Province, KE",4d
SERVER,Longhorn Steakhouse,"Eastern Province, KE",5d
Sales & Marketing GIT,Coca-Cola Beverages Africa,Kenya,4d
"Relief Social Care Assistant, Ardseileach Core and Cluster (3156) - CNS01896",Comhairle Nan Eilean Siar,"Western Province, KE",2d
Trainee Programme: Office Management/Administratio,Staff Solutions Limited,"Western Province, KE",5d
"Certified Medical Assistant - Family Practice - Hinsdale, IL",AMITA Health,"Western Province, KE",6d
Med Tech - Atria Forest Hills,Atria Senior Living,"Western Province, KE",4d
"Support Engineer - $60,000/year USD - JobID #3330",Crossover for Work,"Nairobi, KE",New
ESL Teacher - China,China Work,"Eastern Province, KE",1d
Vet Nurse - Full-time - Matraville Veterinary Hospital,VetPartners Australia and New Zealand,"Eastern Province, KE",5d
Diesel Mechanic,Abantu Staffing Solutions (Pty) Ltd,"Eastern Province, KE",4d
LV Fitter - Advanced (Leading Hand),Fortescue Metals Group,"Western Province, KE",4d
Fitter and Turner,Affinity Staffing Group,"Eastern Province, KE",4d
Poly Welders,mk2,"Western Province, KE",4d
"Registered Nurse, Enrolled Nurse and Enrolled Nurse Auxiliary",Intelligent Placement,"Western Province, KE",1d
"Chief Technology Officer - $400,000/year USD - JobID #3370Promoted",Crossover for Work,"Nairobi, KE",New
"Senior Software Support Engineer - $100,000/year USD - JobID #4132Promoted",Crossover for Work,"Nairobi, KE",New
"Manager, Credit Control - GEGMPromoted",GREAT EASTERN,"Eastern Province, KE",3d
Sales And Marketing Representative,Alliance In Motion Global Incorporated,,
Production Manager,West Coast Personnel,"Western Province, KE",2d
Student Intern.Cargo Accounting,Kenya Airways,"Nairobi, KE",2d
Paraplanner,Latitude Resource,"Western Province, KE",2d
Locum Tenens - Family Practice - Virginia,Catapult Healthcare,"Western Province, KE",2d
Procurement & Imports Controller,Summit Recruitment & Search,"Nairobi, KE",1d
Beauty Advisor - Despatch,Clicks Group,"Western Province, KE",4d
TV Productions Business Executive,Kenya Red Cross,"Nairobi, KE",6d
Grants Finance Specialist,One Acre Fund,"Nairobi, KE",5d
Chief Operating Officer,BURN Manufacturing,"Ruiru, KE",4d
Water Resources Management Analyst,World Bank Group,"Nairobi, KE",4d
Level 1 Support Engineer,NFT Consult,"Nairobi, KE",3d
External Sales Representative,Métier Recruitment SA,"Western Province, KE",4d
Senior Group Finance Manager,GAP Consulting,"Western Province, KE",2d
3PL Transport Manager,Tumaini Consulting,"Western Province, KE",2d
Apprentice Diesel Mechanic,Staffing,"Eastern Province, KE",6d
Systems Architect / Senior Developer,e-Merge IT Recruitment,"Eastern Province, KE",4d
Registered Nurse: ICU Qualified,ADA Recruitment & HR Solutions,"Western Province, KE",4d
Assistant Scientist-Water & Sanitation,World Agroforestry,"Nairobi, KE",6d
"Relief Social Care Assistant, Dun Eisdean (3061) - CNS01898",Comhairle Nan Eilean Siar,"Western Province, KE",2d
Study Support Assistant,Department of Health (WA Health),"Western Province, KE",5d
Manufacturing GIT,Coca-Cola Beverages Africa,Kenya,4d
Dental Technician - Dentures - SupportPromoted,Aspen Dental,"Western Province, KE",4d
Manager Support Program Lead AssociatePromoted,One Acre Fund,"Nairobi, KE",1d
"Technical Support Engineer - $60,000/year USD - JobID #3330Promoted",Crossover for Work,"Nairobi, KE",New
Vet Nurse - Full-time - Matraville Veterinary Hospital,VetPartners Australia and New Zealand,"Eastern Province, KE",New
Branch Manager/Takbestuurder,OVK - Group/Groep,"Eastern Province, KE",2d
Advertising Sales,Alliance In Motion Global Incorporated,,
HOST,Longhorn Steakhouse,"Western Province, KE",5d
Turnaround Coordinator NB.Passenger Ramp Services,Kenya Airways,"Nairobi, KE",4d
Internal Audit – Audit Senior,Latitude Resource,"Western Province, KE",2d
Production Operator,Staff Solutions Limited,"Western Province, KE",3d
MAINTENANCE MANAGER,Farm Manager,"Western Province, KE",6d
Sous Chef (Prue Leith or similar fine dining Qualification),Architectural Services,"Eastern Province, KE",2d
Sales Exec (Technical),West Coast Personnel,"Western Province, KE",5d
Laboratory Professionals: Medical Laboratory Technologist | JOB-2623467,CompHealth,"Eastern Province, KE",3d
Network Marketing Specialist,Seasons Holdings,,
Investment Officer – Private Equity Funds (PE),World Bank Group,"Nairobi, KE",5d
Customs Manager,Tumaini Consulting,"Western Province, KE",5d
Commercial Producer,Kenya Red Cross,"Nairobi, KE",6d
Concierge - Atria on Roslyn Harbor,Atria Senior Living,"Western Province, KE",5d
Enrolled Nurse (ICU),ADA Recruitment & HR Solutions,"Western Province, KE",4d
Sales Manager (E-Commerce),Summit Recruitment & Search,"Nairobi, KE",New
"Kindergarten, Primary School Teachers - China",China Work,"Eastern Province, KE",2d
Head of UX Design – Cape Town Based – Salary Negotiable,e-Merge IT Recruitment,"Western Province, KE",4d
Principal Organisational Development and Workforce Information Consultant,Department of Health (WA Health),"Western Province, KE",5d
BARTENDER,Longhorn Steakhouse,"Eastern Province, KE",5d
HR and Organisation Effectiveness ManagerPromoted,One Acre Fund,"Nairobi, KE",5d
"Technical Project Lead - $100,000/year USD - JobID #3335Promoted",Crossover for Work,"Nairobi, KE",New
Kenya Retail Operations AssociatePromoted,One Acre Fund,"Nairobi, KE",6d
ASSISTANT MANAGER (HERMANUS),Métier Recruitment SA,"Western Province, KE",1d
Supervisor.Expenditure,Kenya Airways,"Nairobi, KE",4d
Imports Receiving Clerk,Staff Solutions Limited,"Western Province, KE",6d
Financial Planner,Latitude Resource,"Western Province, KE",2d
Sales And Marketing Specialist,Alliance In Motion Global Incorporated,,
Laboratory Professionals: Medical Laboratory Technologist | JOB-2623444,CompHealth,"Eastern Province, KE",3d
Senior Software Engineer,NFT Consult,"Nairobi, KE",3d
Sales Executive,Summit Recruitment & Search,"Nairobi, KE",1d
ESL Teacher - China,China Work,"Western Province, KE",2d
"C# Integration Developer – Senior Specialist, Parklands Cape Town, R1.2mil p/a CTC",e-Merge IT Recruitment,"Western Province, KE",4d
E T Temporary,World Bank Group,"Nairobi, KE",5d
BARTENDER,Longhorn Steakhouse,"Western Province, KE",5d
Commercial Producer at Kenya Red Cross Society,Kenya Red Cross,"Nairobi, KE",6d
School Officer,Department of Health (WA Health),"Western Province, KE",2d
Bookkeeper,Métier Recruitment SA,"Western Province, KE",1d
Server/Waitstaff - Atria Cutter Mill,Atria Senior Living,"Western Province, KE",5d
Financial Adviser,Latitude Resource,"Western Province, KE",2d
Internship Opportunities at National Environment Management Authority (NEMA),National Environment Management Authority (NEMA),"Nairobi, KE",5d
Executive Distributor,Alliance In Motion Global Incorporated,,
Physical Therapist | JOB-2624107,CompHealth,"Western Province, KE",New
Check-in Controller FMU.Customer Services,Kenya Airways,"Nairobi, KE",4d
Community Corrections Officer,Department of Health (WA Health),"Western Province, KE",2d
"Principal Engineer - $400,000/year USD - JobID #3370Promoted",Crossover for Work,"Nairobi, KE",New
Digital Marketing Senior AssociatePromoted,One Acre Fund,"Nairobi, KE",5d
Marketing Communication AssistantPromoted,Tana Space Cybers Technologies Ltd,"Nairobi, Kenya",6d
Tax Compliance Officer,Métier Recruitment SA,"Western Province, KE",6d
Shift/Charge Nurse - LVN/LPN - Atria Lynbrook,Atria Senior Living,"Western Province, KE",6d
Systems Analyst,Moyo Talent Solutions,"Western Province, KE",4d
Accounts Assistant.Credit Control,Kenya Airways,"Nairobi, KE",4d
Receptionist,Staff Solutions Limited,"Western Province, KE",2d
LINE COOK,Longhorn Steakhouse,"Western Province, KE",5d
Radiology Imaging: Radiologic Technologist | JOB-2623256,CompHealth,"Western Province, KE",3d
Principal,Department of Health (WA Health),"Western Province, KE",3d
MANUFACTURING MANAGER,Métier Recruitment SA,"Western Province, KE",6d
Shift/Charge Nurse - LVN/LPN - Atria Park of Great Neck,Atria Senior Living,"Western Province, KE",6d
Equipment Operator,Kenya Airways,"Nairobi, KE",4d
LINE COOK,Longhorn Steakhouse,"Eastern Province, KE",5d
Graphic Designer,One Acre Fund,"Nairobi, KE",6d
Lecturer Disability Services,Department of Health (WA Health),"Western Province, KE",3d
"Accountant - $60,000/year USD - JobID #3961",Crossover for Work,"Nairobi, KE",New
Country Project Manager - Kenya,MEDA,"Nairobi, KE",New
"Certified Registered Nurse Anesthetist, Travel | JOB-2623907",CompHealth,"Western Province, KE",3d
DISHWASHER,Longhorn Steakhouse,"Western Province, KE",5d
Sous Chef - Clanwilliam,Métier Recruitment SA,"Western Province, KE",1d
Human Resources Officer,Department of Health (WA Health),"Western Province, KE",5d
"Accounting Assistant - $30,000/year USD - JobID #3959",Crossover for Work,"Nairobi, KE",New
Finance Accounting Intern,Kimlan Management,"Nairobi, Kenya",6d
"Senior Technical Support Engineer - $100,000/year USD - JobID #4132Promoted",Crossover for Work,"Nairobi, KE",New
"General Accountant - $60,000/year USD - JobID #3961Promoted",Crossover for Work,"Nairobi, KE",New
"Customer Service Representative - $30,000/year USD - JobID #3073Promoted",Crossover for Work,"Western Province, KE",New
DISHWASHER,Longhorn Steakhouse,"Eastern Province, KE",5d
Lecturer Aged Care,Department of Health (WA Health),"Western Province, KE",3d
Snr Evaluation Off- Operations,UNHCR,"Nairobi, KE",5d
Principal,Department of Health (WA Health),"Western Province, KE",5d
Senior Student Services Administrator,Pearson,"Nairobi, KE",New
Principal,Department of Health (WA Health),"Western Province, KE",5d
Senior Back-End Developer,Frictionless Enterprises Ltd,"Nairobi, KE",5d
Vocational Education and Workplace Learning Support Officer,Department of Health (WA Health),"Western Province, KE",2d
Database Administrator & Report Writer,BrighterMonday Consulting,"Nairobi, KE",6d
"Software QA Engineer - $30,000/year USD - JobID #3368",Crossover for Work,"Nairobi, KE",New
Senior Social Worker,Department of Health (WA Health),"Western Province, KE",5d
INTERNSHIP OPPORTUNITIES IN RESEARCH,APHRC - African Population and Health Research Center,"Nairobi, KE",6d
Lecturers in Community Services,Department of Health (WA Health),"Western Province, KE",3d
Extractive Industries Regional Advisor,Oxfam-Québec,"Nairobi, KE",New
Deputy Principal,Department of Health (WA Health),"Western Province, KE",5d
"Career Opportunities at Citi Bank (February, 2020 Recommended Jobs)",Citi Bank,"Nairobi, KE",6d
Teacher - Mathematics,Department of Health (WA Health),"Western Province, KE",2d
Junior Administrator,Anonymous Employer,"Nairobi, KE",1d
Associate Energy Officer,UNHCR,"Nairobi, KE",4d
Cleaner,Department of Health (WA Health),"Western Province, KE",5d
Snr Liaison Officer,UNHCR,"Nairobi, KE",5d
Gardener - Handyperson,Department of Health (WA Health),"Western Province, KE",5d
Sales AssistantPromoted,Tujiajiri kenya,"Nairobi, Kenya",New
Sales And Marketing RepresentativePromoted,Kamsa Africa Ltd.,"Nairobi, Kenya",New
Operations ManagerPromoted,Acacia EPZ Limited,Kenya,New
Regional Humanitarian Coordinator - WAF,Oxfam-Québec,"Nairobi, KE",6d
Clinical Nurse Manager,Department of Health (WA Health),"Western Province, KE",2d
Admissions Associate,ALX,"Nairobi, KE",New
Full Stack Application Developer,Anonymous Employer,"Nairobi, KE",6d
Clinical Nurse,Department of Health (WA Health),"Western Province, KE",New
Clinical Nurse,Department of Health (WA Health),"Western Province, KE",5d
Head of Product Strategy at DT One,DT One,"Nairobi, KE",1d
Marketer,Louis Dreyfus Company,"Mombasa, KE",5d
Snr Protection Officer,UNHCR,"Nairobi, KE",5d
Full Stack Software Engineer,Cytonn Technologies,"Nairobi, KE",New
Engineer â Take your career to a whole new level,Hi Tech Recruitment Johannesburg,"Eastern Province, KE",4d
Internship - ACT Alliance Kenya Forum Coordinator,Christian Aid,"Nairobi, KE",New
Engineer â Take your career to a whole new level!,Hi-Tech Recruitment - Johannesburg,"Eastern Province, KE",4d
Engineer â Take your career to a whole new level!,Hi-Tech Recruitment - Johannesburg,"Eastern Province, KE",4d
Head of Business Development & Client Service,TripleOK Law Advocates,"Nairobi, KE",4d
Assc Protection Officer,UNHCR,"Nairobi, KE",4d
Learning and Communications Director,DT Global,"Nairobi, KE",6d
Scientist / Associate Scientist,Cancer Research UK,"Nakuru, KE",4d
Learning Designer,Fourth Generation(4G) Capital,"Nairobi, KE",New
Digital Forensic and IT Security Analyst,Anonymous Employer,"Nairobi, KE",6d
Software Engineer,Opibus,"Nairobi, KE",5d
Logistics Assistant,Murban Movers Ltd,"Dagoretti, Nairobi, Kenya",1d
Sales Marketing AssistantPromoted,Elavate Group,"Nairobi, Kenya",6d
Developer,Network Finance,"Western Province, KE",1d
"Career Opportunities at Vivo Energy (February, 2020 Recommended Jobs)",Vivo Energy,"Nairobi, KE",6d
Sub-Saharan Africa - Technology Project Lead,Citi,"Nairobi, KE",5d
Librarian,"The Aga Khan Academy, Mombasa","Mombasa, KE",4d
Front End Expert,Soko,"Nairobi, KE",4d
Founding Partner at Privilege Fund,Privilege Fund,"Nairobi, KE",6d
Communications Executive,BrighterMonday Consulting,"Nairobi, KE",4d
Direct Sales Representatives,Milestone Commodities Limited,"Nairobi, KE",5d
Internship - Business Development - Kenya,Afringa,"Nairobi, KE",New
Marketing Officer,studio-partner,"Umoja 2, Nairobi, Nairobi, Kenya",4d
Bioinformatician,Cancer Research UK,"Nakuru, KE",New
Technical Advisor at Centre for Health Solutions – Kenya,Centre for Health Solutions – Kenya,"Nairobi, KE",6d
Associate Subaward Manager at Population Services International,Population Services International,"Nairobi, KE",6d
Sub Saharan Africa - Senior Solutions Architect,Citi,"Nairobi, KE",5d
Office Administrator,Travelport,"Nairobi, KE",New
Assistant / Assistante dentaire (H/F),CERRILLO ANGUIANO INIGO,"Meru, KE",1d
Country Project Officer – Biodiversity Engagement Facilitation,IUCN,"Nairobi, KE",New
Country Director,DRC - Danish Refugee Council,"Nairobi, KE",New
Account Manager,Diversey,"Nairobi, KE",New
Project Coordinator,DRC - Danish Refugee Council,"Lodwar, KE",6d
Business Development Officer,Rivercross Tracking Limited,"Nairobi, KE",New
Project Officer - Faith and Community Initiative (FCI) - Temporary Role,Christian Aid,"Nakuru, KE",New
Communications and Fundraising Lead,Xavier Project,"Nairobi, KE",New
Senior Maths Specialist,Allan Gray Orbis Foundation,"Eastern Province, KE",4d
Commercial Planner,BrighterMonday Consulting,"Nairobi, KE",New
Specialist Consultant - Psychiatry,Kalgoorlie Regional Hospital,"Western Province, KE",5d
Specialist Consultant - Psychiatry,Kalgoorlie Regional Hospital,"Western Province, KE",5d
Project Manager [Contractor] Purpose Climate Lab,Purpose Campaigns,"Nairobi, KE",New
Snr Progr Assessm & Analys Off,UNHCR,"Nairobi, KE",5d
Snr Staff Counsellor,UNHCR,"Nairobi, KE",5d
Account Manager PPE,Honeywell,"Nairobi, KE",6d
"Chief Officer – Gender, Social Services and Culture, Chief Officer – Medical Services at County Government of Bungoma",County Government of Bungoma,"Nairobi, KE",6d
Director of Customer Experience,Angaza,"Nairobi, KE",5d
MARKETING EXECUTIVE,Verde Edge Consulting Ltd,"Nairobi, KE",6d
Global Head of Supply Chain at Sokowatch,Sokowatch,"Nairobi, KE",5d
"Chief Information Officer at Kenyatta University Teaching, Referral & Research Hospital","Kenyatta University Teaching, Referral & Research Hospital","Nairobi, KE",1d
Accounting Analyst at International Potato Center,International Potato Center,"Nairobi, KE",5d
Ingénieur qualité H/F,AKKA Technologies,"Meru County, KE",5d
Plantation Manager - You next career move is on the cards!,Hi-Tech Recruitment - Johannesburg,"Eastern Province, KE",4d
General Manager,Coveted Human Resource Services,,
Plantation Manager - You next career move is on the cards,Hi Tech Recruitment Johannesburg,"Eastern Province, KE",4d
Opportunities at Jijali Learning,Yusudi Limited,"Nairobi, KE",5d
Snr Field Security Officer,UNHCR,"Nairobi, KE",5d
Intermediate Java Developer,Communicate Cape Town IT,"Western Province, KE",1d
Hospitality Supervisor,studio-partner,"Umoja 2, Nairobi, Nairobi, Kenya",4d
Tennis Instructor,Accor,"Awasi, KE",4d
Ingénieur méthodes composites H/F,AKKA Technologies,"Meru County, KE",New
Plantation Manager - You next career move is on the cards!,Hi-Tech Recruitment - Johannesburg,"Eastern Province, KE",4d
Proposition Sales Specialist,Refinitiv,"Nairobi, KE",New
Customer Experience Executive,BrighterMonday Consulting,"Nairobi, KE",4d
Human Resource Assistant,Ace Hardware Corporation,"Western Province, KE",3d
Regional Peace Building Coordinator,DRC - Danish Refugee Council,"Nairobi, KE",5d
Ingénieur méthodes indus H/F,AKKA Technologies,"Meru County, KE",New
Armada General Application,Armada Careers,"Nairobi, KE",5d
Hotel Services- Bundaberg,Bolton Clarke,"Nakuru, KE",New
Assistant Gym Instructor,Kasarani Sportsview Hotel,"Nairobi, KE",5d
Business Development Manager,Robert Walters,"Mombasa, KE",4d
Account Executive,Careertrotter,"Eastern Province, KE",4d
FTC System Analyst SAP Basis,Sabenza It,"Eastern Province, KE",4d
Sales And Marketing Specialist,Alpha,,
Senior Marketing Technical Advisor at Population Services International,Population Services International,"Nairobi, KE",1d
Country Finance Manager,NFT Consult,"Nairobi, KE",New
Royal Service Agent,Accor,"Awasi, KE",3d
"Chief of Party, East Africa Regional Project",Banyan Global,"Nairobi, KE",5d
Insurance Sales and Marketing Executives - General and Medical,APA Insurance - City Centre Branch,"Nairobi, KE",5d
Ingénieur Méthode Industrialisation H/F,AKKA Technologies,"Meru County, KE",New
HR Executive,AFRICAWORK,"Eastern Province, KE",1d
Engage Life Program Instructor - Atria Park of Great Neck,"Atria Management Company, LLC","Western Province, KE",6d
Front Desk Agent,Accor,"Aitong, KE",6d
Finance and Administration Assistant,DRC - Danish Refugee Council,"Lodwar, KE",New
Retail Operations Officer at Moko Home + Living,Moko Home + Living,"Nairobi, KE",2d
"Reservations Agent,Group",Accor,"Awasi, KE",3d
Assistant Operations Manager,BrighterMonday Consulting,"Nairobi, KE",5d
CREDIT CONTROLLER,Manpower Services,"Nairobi, KE",4d
Financial Accountant,Network Finance,"Eastern Province, KE",4d
Business Development Manager Rwanda & Burundi,Diversey,"Nairobi, KE",New
Sales & Marketing Executive,Anonymous Employer,"Nairobi, KE",2d
Consultant chef de projet études H/F,AKKA Technologies,"Meru County, KE",New
Health and Safety Manager,responsAbility,"Nairobi, KE",5d
Bobinier H/F,Derichebourg,"Meru County, KE",New
Area Manager,DRC - Danish Refugee Council,"Kakuma, KE",5d
Commis 2,Accor,"Awasi, KE",New
Specialist Consultant - General practice - emergency medicine,Halls Creek Community Health Service,"Western Province, KE",New
Specialist Consultant - General practice - emergency medicine,Halls Creek Community Health Service,"Western Province, KE",New
Med Tech - Atria Forest Hills,"Atria Management Company, LLC","Western Province, KE",3d
Sales & Service Banking Consultant,Vero Insurance,"Western Province, KE",4d
Duty Manager - 5* Game Lodge - Eastern Cape (ZJ -1110),Zeebra Junction,"Eastern Province, KE",4d
Leiter (m/w/d) zweier Komponenten,GIZ,"Kisumu, KE",4d
PROCUREMENT AND ADMINISTRATION MANAGER - REF: PAM/01-02/2020,CARE International in Kenya,"Nairobi, KE",5d
FINANCE OFFICER,Verde Edge Consulting Ltd,"Westlands, KE",6d
ANALISTA DE LABORATÓRIO,Seleta Vagas,"Embu, KE",6d
Ingénieur Méthode Industrialisation MasterCam H/F,AKKA Technologies,"Meru County, KE",New
Bursar,"The Aga Khan Academy, Mombasa","Mombasa, KE",4d
Chief Financial Officer,Eastern Progress Staffing,"Eastern Province, KE",4d
Kitchenhand - Acacia Ridge,Bolton Clarke,"Nakuru, KE",New
SALES EXECUTIVE,Verde Edge Consulting Ltd,"Lenana, KE",6d
Care Assistant,AdView Job Search,"Western Province, KE",6d
Finance and Operations Manager,BrighterMonday Consulting,"Nairobi, KE",New
Accountant,Tupelo African Dishes Restaurant,"Nairobi, KE",1d
Responsable Programme Coque Composite H/F,AKKA Technologies,"Meru County, KE",6d
Credit Officer at Moko Home + Living,Moko Home + Living,"Nairobi, KE",2d
Property Manager at Eden Heights Realty,Eden Heights Realty,"Nairobi, KE",2d
Guest services Agent,Accor,"Awasi, KE",New
Office Administrator,AFRICAWORK,"Eastern Province, KE",1d
Sales Manager for a Top trading co Dammam,Goldstar Enterprise,"Eastern Province, KE",New
IT Sales Representatives,Cognitive School Systems,"Nairobi, KE",4d
Specialist Consultant - General practice - anaesthetics,Derby Hospital WA,"Western Province, KE",1d
Talent Acquisition Manager,BrighterMonday Consulting,"Nairobi, KE",4d
Commis 3,Accor,"Awasi, KE",3d
Specialist Consultant - General practice - emergency medicine,Kununurra Hospital - WA,"Western Province, KE",1d
OPÉRATEUR DE PRODUCTION(H/F),Derichebourg,"Meru County, KE",New
Steel Fixer,synaco,"Western Province, KE",1d
Management Couple - Boutique Hotel / Lodge - Eastern Cape (ZJ - 1065),Zeebra Junction,"Eastern Province, KE",4d
TECHNICIEN TECHNOLOGIES DE FABRICATION (H/F),Derichebourg,"Meru County, KE",New
Facilities Management Services Supervisor,Ace Hardware Corporation,"Western Province, KE",2d
General Manager - Sales,Sisu Global Health,"Nairobi, KE",5d
Construction Supervisor - Resources,Ventia,"Western Province, KE",4d
"Business Accountant - Cape Town, Kuilsrevier",Network Finance,"Western Province, KE",4d
Technicien métrologie H/F,Derichebourg,"Meru County, KE",New
Technicien intégration et test H/F,Derichebourg,"Meru County, KE",New
Sales director for a Top trading co Dammam,Goldstar Enterprise,"Eastern Province, KE",New
Radiation Therapist - Cape Gate Oncology Centre,ICON Oncology,"Western Province, KE",4d
Design Specialist,Ace Hardware Corporation,"Western Province, KE",3d
HR Business Partner,Network Finance,"Western Province, KE",1d
Sales & Marketing Co-ordinator-Agricultural Inputs,NFT Consult,"Nairobi, KE",New
Fitter & Turner â Be part of a winning team!,Hi-Tech Recruitment - Johannesburg,"Eastern Province, KE",4d
Fitter & Turner â Be part of a winning team!,Hi-Tech Recruitment - Johannesburg,"Eastern Province, KE",4d
Office Administrator,Tupelo African Dishes Restaurant,"Nairobi, KE",1d
ESL Teaching positions available in China,Pro-edge Recruitment,"Eastern Province, KE",4d
Électrotechnicien (H/F),Derichebourg,"Meru County, KE",New
Garde d'enfants à domicile (H/F),Yoopala Oise,"Meru, KE",2d
Fitter & Turner â Be part of a winning team,Hi Tech Recruitment Johannesburg,"Eastern Province, KE",4d
Technicien Méthodes d'Industrialisation (H/F),Derichebourg,"Meru County, KE",New
Approvisionneur H/F,AKKA Technologies,"Meru County, KE",5d
Technicien Méthodes d'Industrialisation H/F,Derichebourg,"Meru County, KE",New
"Declaration Clerk (experienced in Kentrade, ICMS and tradex KRA systems)",BrighterMonday Consulting,"Nairobi, KE",1d
Senior Cost Accountant,Communicate Central Finance,"Western Province, KE",1d
Sales Admin Supervisor,NDC Personnel & Contractors CC,"Eastern Province, KE",4d
General Practitioner,Prospect Health,"Western Province, KE",5d
ESL Teaching positions available in China,Pro edge Recruitment,"Western Province, KE",1d
Quality Manager,Executech Search and Selection,"Western Province, KE",4d
Project Manager (Civil Engineering),AdView Job Search,"Western Province, KE",6d
Associate Vice President for Finance,Mills College,"Njoro, KE",3d
Mechanic,Coveted Human Resource Services,"Nairobi Hill, Nairobi, Nairobi, Kenya",6d
Commission-based Sales Executives,Platinum Credit Ltd - Westlands LBF,"Nairobi, KE",6d
Tourneur conventionnel H/F,Derichebourg,"Meru County, KE",New
Service petit déjeuner H/F,COOKORICO,"Meru County, KE",New
Construction Manager - RIO,Ventia,"Western Province, KE",4d
Serveur/se H/F,COOKORICO,"Meru County, KE",New
HOTEL CORQUE FRONT OFFICE SUPERVISOR,Chumash,"Awasi, KE",3d
Production Supervisor,BrighterMonday Consulting,"Nairobi, KE",4d
"Operations Manager - South Coast, Msambweni",BrighterMonday Consulting,"Mombasa, KE",4d
HSEQ Advisor,AdView Job Search,"Western Province, KE",6d
AIDE REGLEUR (H/F),PROCH'EMPLOI,"Meru, KE",5d
HVAC & R Technician,Executech Search and Selection,"Western Province, KE",4d
Field Service Technician,Human Accent,"Western Province, KE",1d
Clinical Lead,AdView Job Search,"Western Province, KE",6d
Vendeur / Vendeuse en quincaillerie (H/F),LA QUINCAILLERIE PRINCIPALE,"Meru, KE",6d
Minibus Driver/Maintenance Worker,AdView Job Search,"Western Province, KE",2d
ESTravel Agent Kenya (Spanish-speaking),EVANEOS SA,"Nairobi, KE",5d
Technicien de Maintenance Aéronautique (H/F),Derichebourg,"Meru County, KE",New
Food Safety Auditor,NDC Personnel & Contractors CC,"Eastern Province, KE",1d
Catering Manager,AdView Job Search,"Western Province, KE",6d
KH-8485,Hansen Agri-PLACEMENT,"Western Province, KE",4d
