Job,Category,Company,Location,Compensation,Link
Engagement Director,Marketing,The Busara Center,Nairobi,,https://angel.co/company/the-busara-center/jobs/674378-engagement-director
Senior Backend Developer,Software Engineer,The Busara Center,Nairobi,,https://angel.co/company/the-busara-center/jobs/674379-senior-backend-developer
Senior Frontend Developer,Software Engineer,The Busara Center,Nairobi,,https://angel.co/company/the-busara-center/jobs/674380-senior-frontend-developer
Sales Representative - LAGOS,Sales,RxAll,Lagos,$3k – $6k • No equity,https://angel.co/company/rxall/jobs/675232-sales-representative-lagos
Business  analyst,Other,Plusqo capital,Europe,$40k – $50k • 0.0% – 10.0%,https://angel.co/company/plusqocapital/jobs/673139-business-analyst
TECHNOLOGY LEAD,Software Engineer,MKOBO,Lagos,$10k – $15k • No equity,https://angel.co/company/mkobo-1/jobs/677119-technology-lead
UI/UX Designer,Designer,hellohr,Cape Town,$12k – $25k • 0.0% – 1.0%,https://angel.co/company/hellohr-1/jobs/675208-ui-ux-designer
UI/UX Design Intern,Designer,hellohr,Cape Town,$4k – $6k • No equity,https://angel.co/company/hellohr-1/jobs/675210-ui-ux-design-intern
CTO,Management,hellohr,Remote,$40k – $55k • 5.0% – 10.0%,https://angel.co/company/hellohr-1/jobs/675218-cto
Customer Insight Specialist,Designer,Yoco,Cape Town,,https://angel.co/company/yoco/jobs/637325-customer-insight-specialist
UX Specialist,Designer,Yoco,Cape Town,,https://angel.co/company/yoco/jobs/663292-ux-specialist
CRM Lead (Lifecycle Lead),Marketing,Yoco,Cape Town,,https://angel.co/company/yoco/jobs/619358-crm-lead-lifecycle-lead
Growth Creative Lead,Marketing,Yoco,Cape Town,,https://angel.co/company/yoco/jobs/640854-growth-creative-lead
Product Marketing Manager,Marketing,Yoco,Cape Town,,https://angel.co/company/yoco/jobs/653947-product-marketing-manager
CRM Lifecycle Manager,Marketing,Yoco,Cape Town,,https://angel.co/company/yoco/jobs/664765-crm-lifecycle-manager
Senior Recruiter ,Operations,Yoco,Cape Town,,https://angel.co/company/yoco/jobs/657592-senior-recruiter
Supply Chain Analyst,Operations,Yoco,Cape Town,,https://angel.co/company/yoco/jobs/670438-supply-chain-analyst
Customer Engagement Lead,Operations,Yoco,Cape Town,,https://angel.co/company/yoco/jobs/678917-customer-engagement-lead
Senior Salesforce Architect,Sales,Yoco,Cape Town,,https://angel.co/company/yoco/jobs/628366-senior-salesforce-architect
Senior Software Engineer Technical Lead,Software Engineer,Yoco,Cape Town,$45k – $85k • 0.04% – 0.1%,https://angel.co/company/yoco/jobs/394393-senior-software-engineer-technical-lead
Full-Stack Senior Software Engineer,Software Engineer,Yoco,Cape Town,$55k – $75k • 0.04% – 0.1%,https://angel.co/company/yoco/jobs/394396-full-stack-senior-software-engineer
Business Intelligence Engineer,Software Engineer,Yoco,Cape Town,,https://angel.co/company/yoco/jobs/616189-business-intelligence-engineer
VP of Software Engineering,Software Engineer,Yoco,Cape Town,,https://angel.co/company/yoco/jobs/665425-vp-of-software-engineering
Senior TechOps Engineer,Software Engineer,Yoco,Cape Town,,https://angel.co/company/yoco/jobs/677915-senior-techops-engineer
Head of Product,Other,Yoco,Cape Town,,https://angel.co/company/yoco/jobs/665426-head-of-product
Revenue Analyst,Other,Yoco,Cape Town,,https://angel.co/company/yoco/jobs/670439-revenue-analyst
Senior Data Analyst,Other,Yoco,Cape Town,,https://angel.co/company/yoco/jobs/679764-senior-data-analyst
Intern & Trainee,Operations,Bueths & Kurt CDA,Nairobi,$5k – $10k • No equity,https://angel.co/company/bkcda/jobs/677179-intern-trainee
Consultant - Finance & Accounting,Operations,Bueths & Kurt CDA,Nairobi,$5k – $10k • No equity,https://angel.co/company/bkcda/jobs/677192-consultant-finance-accounting
Staff Trainer,Operations,Bueths & Kurt CDA,Kilifi,$5k – $10k • No equity,https://angel.co/company/bkcda/jobs/677195-staff-trainer
Consultant - Quantitatve Advisor,Other,Bueths & Kurt CDA,Nairobi,$5k – $10k • No equity,https://angel.co/company/bkcda/jobs/677186-consultant-quantitatve-advisor
Consultant - Tax & Legal,Other,Bueths & Kurt CDA,Remote,$5k – $10k • No equity,https://angel.co/company/bkcda/jobs/677190-consultant-tax-legal
Consultant - Auditing & Assurance,Other,Bueths & Kurt CDA,Nairobi,$5k – $10k • No equity,https://angel.co/company/bkcda/jobs/677194-consultant-auditing-assurance
Marketing and Sales Representative s,Marketing,Alpha Super,Nairobi,$3k – $6k • 5.0% – 10.0%,https://angel.co/company/alpha-super/jobs/410518-marketing-and-sales-representative-s
Vacancies For Graduates,Operations,Alpha Super,Nairobi,$6k – $8k • 5.0% – 10.0%,https://angel.co/company/alpha-super/jobs/410511-vacancies-for-graduates
Digital Marketers Required,Operations,Alpha Super,Nairobi,$3k – $6k • 5.0% – 10.0%,https://angel.co/company/alpha-super/jobs/410516-digital-marketers-required
Open Job Vacancies in Nairobi,Operations,Alpha Super,Nairobi,$3k – $6k • 5.0% – 10.0%,https://angel.co/company/alpha-super/jobs/410519-open-job-vacancies-in-nairobi
Job Vacancies For Students,Operations,Alpha Super,Nairobi,$3k – $6k • 5.0% – 10.0%,https://angel.co/company/alpha-super/jobs/410523-job-vacancies-for-students
We're Hiring,Operations,Alpha Super,Nairobi,$3k – $6k • 5.0% – 10.0%,https://angel.co/company/alpha-super/jobs/410524-we-re-hiring
Customer service,Operations,GLH global,Ikeja,$1k – $5k • No equity,https://angel.co/company/glh-global/jobs/504799-customer-service
Business Analyst (Pre-sales),Marketing,SourceFuse ,Noida,₹7L – ₹9L • No equity,https://angel.co/company/sourcefuse/jobs/511887-business-analyst-pre-sales
HR Generalist,Operations,SourceFuse ,Mohali,₹3.5L – ₹7L • No equity,https://angel.co/company/sourcefuse/jobs/461869-hr-generalist
HR Intern,Operations,SourceFuse ,Noida,"₹5,000 – ₹6,000 • No equity",https://angel.co/company/sourcefuse/jobs/584162-hr-intern
HR Manager,Operations,SourceFuse ,Jacksonville,₹8L – ₹10L • No equity,https://angel.co/company/sourcefuse/jobs/620648-hr-manager
HR IT Recruiter,Operations,SourceFuse ,Noida,₹3L – ₹5L • No equity,https://angel.co/company/sourcefuse/jobs/644270-hr-it-recruiter
Technical Support,Other Engineering,SourceFuse ,Sector 62,₹3L – ₹6L • No equity,https://angel.co/company/sourcefuse/jobs/655293-technical-support
Dotnet Developer,Software Engineer,SourceFuse ,Noida,₹4L – ₹9L • No equity,https://angel.co/company/sourcefuse/jobs/568713-dotnet-developer
Junior Engineer-.Net,Software Engineer,SourceFuse ,Noida,₹3L – ₹4.5L • No equity,https://angel.co/company/sourcefuse/jobs/568824-junior-engineer-net
Full Stack Lead,Software Engineer,SourceFuse ,Sahibzada Ajit Singh Nagar,₹4L – ₹9L • No equity,https://angel.co/company/sourcefuse/jobs/568838-full-stack-lead
Azure Engineer,Software Engineer,SourceFuse ,Noida,₹4L – ₹15L • No equity,https://angel.co/company/sourcefuse/jobs/573233-azure-engineer
Junior Engineer-Web Development (Fresher),Software Engineer,SourceFuse ,Noida,₹3L – ₹4.5L • No equity,https://angel.co/company/sourcefuse/jobs/584166-junior-engineer-web-development-fresher
DevOps Engineer,Software Engineer,SourceFuse ,Noida,₹4L – ₹9L • No equity,https://angel.co/company/sourcefuse/jobs/588523-devops-engineer
Android Developer,Software Engineer,SourceFuse ,Sahibzada Ajit Singh Nagar,₹4L – ₹7L • No equity,https://angel.co/company/sourcefuse/jobs/588728-android-developer
Junior Engineer-iOS,Software Engineer,SourceFuse ,Mohali,₹3L – ₹7L • No equity,https://angel.co/company/sourcefuse/jobs/589433-junior-engineer-ios
Junior Android Engineer,Software Engineer,SourceFuse ,Sahibzada Ajit Singh Nagar,₹3L – ₹7L • No equity,https://angel.co/company/sourcefuse/jobs/591226-junior-android-engineer
Full Stack Developer,Software Engineer,SourceFuse ,Sahibzada Ajit Singh Nagar,₹5L – ₹7L • No equity,https://angel.co/company/sourcefuse/jobs/600209-full-stack-developer
Senior Full Stack Developer,Software Engineer,SourceFuse ,Sahibzada Ajit Singh Nagar,₹5L – ₹9L • No equity,https://angel.co/company/sourcefuse/jobs/600210-senior-full-stack-developer
DevOps Lead,Software Engineer,SourceFuse ,Sahibzada Ajit Singh Nagar,₹7L – ₹15L • No equity,https://angel.co/company/sourcefuse/jobs/602608-devops-lead
Sr. .NET Developer,Software Engineer,SourceFuse ,Noida,₹5L – ₹10L • No equity,https://angel.co/company/sourcefuse/jobs/611460-sr-net-developer
QA manual,Software Engineer,SourceFuse ,Noida,₹4L – ₹6L • No equity,https://angel.co/company/sourcefuse/jobs/614651-qa-manual
React-native full stack Developer,Software Engineer,SourceFuse ,Jacksonville,₹5L – ₹9L • No equity,https://angel.co/company/sourcefuse/jobs/616782-react-native-full-stack-developer
QA Automation,Software Engineer,SourceFuse ,Mohali,₹3L – ₹8L • No equity,https://angel.co/company/sourcefuse/jobs/627619-qa-automation
.Net Developer,Software Engineer,SourceFuse ,Noida,₹7L – ₹9L • No equity,https://angel.co/company/sourcefuse/jobs/629474-net-developer
QA Automation,Software Engineer,SourceFuse ,Noida,₹3L – ₹4.5L • No equity,https://angel.co/company/sourcefuse/jobs/641554-qa-automation
Senior DevOps Engineer,Software Engineer,SourceFuse ,Noida,₹4L – ₹9L • No equity,https://angel.co/company/sourcefuse/jobs/642233-senior-devops-engineer
Senior Java Developer,Software Engineer,SourceFuse ,Johannesburg,₹7L – ₹13L • No equity,https://angel.co/company/sourcefuse/jobs/645173-senior-java-developer
ReactJS Frontend Developer,Software Engineer,SourceFuse ,Noida,₹8L – ₹10L • No equity,https://angel.co/company/sourcefuse/jobs/654619-reactjs-frontend-developer
VueJS Developer,Software Engineer,SourceFuse ,Noida,₹8L – ₹19L • No equity,https://angel.co/company/sourcefuse/jobs/657872-vuejs-developer
ReactJS Developer,Software Engineer,SourceFuse ,Noida,₹5L – ₹8L • No equity,https://angel.co/company/sourcefuse/jobs/658612-reactjs-developer
Angular Dev,Software Engineer,SourceFuse ,Noida,₹5L – ₹6L • No equity,https://angel.co/company/sourcefuse/jobs/676665-angular-dev
APM,Other,SourceFuse ,Sahibzada Ajit Singh Nagar,₹3L – ₹4L • No equity,https://angel.co/company/sourcefuse/jobs/616022-apm
Digital Marketer,Marketing,HEADWAY,Lagos,$70k – $80k • No equity,https://angel.co/company/headway-14/jobs/504808-digital-marketer
Digital Marketer,Marketing,HEADWAY,Lagos Island,$70k – $80k • No equity,https://angel.co/company/headway-14/jobs/504827-digital-marketer
CUSTOMER CARE REPRESENTATIVE,Operations,HEADWAY,Lagos Mainland,$70k – $80k • No equity,https://angel.co/company/headway-14/jobs/502481-customer-care-representative
"Sebokeng hospital needs nurses,admin and general workers call Mr Molefe on 0637605001",Management,Sebokeng hospital,Vanderbijlpark,$9k – $37k • 10.0% – 25.0%,https://angel.co/company/sebokeng-hospital/jobs/583960-sebokeng-hospital-needs-nurses-admin-and-general-workers-call-mr-molefe-on-0637605001
Side Hustle Work,Marketing,AlphaInc,Nairobi,$1k – $2k • 1.0% – 5.0%,https://angel.co/company/alphainc/jobs/484513-side-hustle-work
Modelling Vacancies in Nairobi,Operations,AlphaInc,Nairobi,$1k – $2k • 1.0% – 5.0%,https://angel.co/company/alphainc/jobs/484504-modelling-vacancies-in-nairobi
Modelling,Operations,AlphaInc,Nairobi,$1k – $2k • 1.0% – 5.0%,https://angel.co/company/alphainc/jobs/484510-modelling
Modelling,Designer,Alpha,Nairobi,$1k – $2k • 1.0% – 5.0%,https://angel.co/company/alpha-28/jobs/483771-modelling
Back-end developer,Software Engineer,ITAPS,Singapore,$40k – $60k • No equity,https://angel.co/company/itaps-1/jobs/667251-back-end-developer
Engineering Fellow at our Global Portfolio Ventures,Software Engineer,Alter Global,South Africa,$12k – $18k • No equity,https://angel.co/company/alter-global/jobs/666332-engineering-fellow-at-our-global-portfolio-ventures
Growth Manager,Sales,Medixus,Remote,$2k – $10k • No equity,https://angel.co/company/medixus/jobs/659513-growth-manager
Clinical Associate,Sales,Medixus,Nairobi,$1k – $3k • No equity,https://angel.co/company/medixus/jobs/665255-clinical-associate
Engineering Lead,Software Engineer,Medixus,Remote,$9k – $12k • No equity,https://angel.co/company/medixus/jobs/661974-engineering-lead
Growth Hacker,Marketing,CoGrammar,London,£24k – £40k • 0.1% – 3.0%,https://angel.co/company/cogrammar/jobs/199786-growth-hacker
Operations Associate,Operations,CoGrammar,Cape Town,,https://angel.co/company/cogrammar/jobs/674852-operations-associate
Head of Education: Code Review,Operations,CoGrammar,Cape Town,,https://angel.co/company/cogrammar/jobs/674916-head-of-education-code-review
Programming Lecturer (Cape Town),Operations,CoGrammar,Cape Town,,https://angel.co/company/cogrammar/jobs/674917-programming-lecturer-cape-town
Human Resources (HR) Manager,Operations,CoGrammar,Cape Town,,https://angel.co/company/cogrammar/jobs/674918-human-resources-hr-manager
Talent Acquisition Manager,Operations,CoGrammar,Cape Town,,https://angel.co/company/cogrammar/jobs/674919-talent-acquisition-manager
Internal Recruiter,Operations,CoGrammar,Cape Town,,https://angel.co/company/cogrammar/jobs/674920-internal-recruiter
Code Reviewer (Full Time / Freelance),Operations,CoGrammar,Cape Town,,https://angel.co/company/cogrammar/jobs/674921-code-reviewer-full-time-freelance
Operations Manager,Operations,CoGrammar,Cape Town,,https://angel.co/company/cogrammar/jobs/674922-operations-manager
Education Assistant,Operations,CoGrammar,Cape Town,,https://angel.co/company/cogrammar/jobs/674923-education-assistant
Programming Lecturer (Johannesburg),Operations,CoGrammar,Johannesburg,,https://angel.co/company/cogrammar/jobs/674924-programming-lecturer-johannesburg
Finance Associate,Operations,CoGrammar,Remote,,https://angel.co/company/cogrammar/jobs/674925-finance-associate
EdTech Admissions Consultant,Sales,CoGrammar,Cape Town,$15k – $35k,https://angel.co/company/cogrammar/jobs/383731-edtech-admissions-consultant
Developer Placements Manager,Sales,CoGrammar,Cape Town,$10k – $50k,https://angel.co/company/cogrammar/jobs/545843-developer-placements-manager
EdTech Sales Consultant,Sales,CoGrammar,Cape Town,,https://angel.co/company/cogrammar/jobs/674848-edtech-sales-consultant
Head of Education,Software Engineer,CoGrammar,Remote,$20k – $75k • 0.1% – 2.0%,https://angel.co/company/cogrammar/jobs/545839-head-of-education
Code Review Specialist,Software Engineer,CoGrammar,Cape Town,$10k – $40k,https://angel.co/company/cogrammar/jobs/545841-code-review-specialist
Programming Lecturer (CPT/JHB),Software Engineer,CoGrammar,Cape Town,$15k – $45k,https://angel.co/company/cogrammar/jobs/545844-programming-lecturer-cpt-jhb
Head of Curriculum and Learning,Other,CoGrammar,Remote,$20k – $75k • 0.1% – 2.0%,https://angel.co/company/cogrammar/jobs/383725-head-of-curriculum-and-learning
Investment Analyst Intern,Other,CoGrammar,New York City,£10k – £22k • 0.1% – 0.3%,https://angel.co/company/cogrammar/jobs/391142-investment-analyst-intern
Product Manager,Other,CoGrammar,London,$30k – $70k • 0.1% – 1.0%,https://angel.co/company/cogrammar/jobs/614253-product-manager
Software Engineer Android/Java,Software Engineer,Ona,Jakarta,$15k – $40k • 0.0% – 0.2%,https://angel.co/company/onaio/jobs/330567-software-engineer-android-java
Senior Software Engineer,Software Engineer,Ona,Nairobi,$24k – $42k • 0.0% – 0.5%,https://angel.co/company/onaio/jobs/418226-senior-software-engineer
Software engineer in Test,Software Engineer,Ona,Nairobi,0.0% – 0.2%,https://angel.co/company/onaio/jobs/581253-software-engineer-in-test
Technical Project Manager,Other,Ona,Remote,$55k – $75k • No equity,https://angel.co/company/onaio/jobs/454464-technical-project-manager
Data Analytics lead,Other,Ona,Remote,$45k – $80k • 0.0% – 0.2%,https://angel.co/company/onaio/jobs/551084-data-analytics-lead
Project Manager - Digital health solutions,Other,Ona,Burlington,0.0% – 0.02%,https://angel.co/company/onaio/jobs/593749-project-manager-digital-health-solutions
Senior UI/UX Designer,Designer,Vezeeta,Cairo,,https://angel.co/company/vezeeta/jobs/526790-senior-ui-ux-designer
Doctors Growth Manager,Management,Vezeeta,Cairo Governorate,,https://angel.co/company/vezeeta/jobs/496065-doctors-growth-manager
Chief Technology Officer,Management,Vezeeta,Dubai,,https://angel.co/company/vezeeta/jobs/505436-chief-technology-officer
Hospital Coordinator Specialist (Saudi Nationals Only),Management,Vezeeta,Jeddah,,https://angel.co/company/vezeeta/jobs/518763-hospital-coordinator-specialist-saudi-nationals-only
Growth Marketing Manager - CRM & Retention,Marketing,Vezeeta,Cairo,,https://angel.co/company/vezeeta/jobs/495770-growth-marketing-manager-crm-retention
Senior SEM Specialist,Marketing,Vezeeta,Cairo Governorate,,https://angel.co/company/vezeeta/jobs/496067-senior-sem-specialist
Head of SEO,Marketing,Vezeeta,Cairo,,https://angel.co/company/vezeeta/jobs/496068-head-of-seo
Junior Marketing Executive,Marketing,Vezeeta,Cairo,,https://angel.co/company/vezeeta/jobs/534521-junior-marketing-executive
Junior Marketing Executive (Saudi Nationals Only),Marketing,Vezeeta,Riyadh,,https://angel.co/company/vezeeta/jobs/534522-junior-marketing-executive-saudi-nationals-only
Talent Acquisition Senior Manager,Operations,Vezeeta,Cairo,$12k – $20k • No equity,https://angel.co/company/vezeeta/jobs/493140-talent-acquisition-senior-manager
Call Center Specialist,Operations,Vezeeta,Cairo,,https://angel.co/company/vezeeta/jobs/495769-call-center-specialist
Operations Executive (Saudi Nationals Only),Operations,Vezeeta,Riyadh,,https://angel.co/company/vezeeta/jobs/499929-operations-executive-saudi-nationals-only
Product Specialist - Alexandria,Operations,Vezeeta,Alexandria,,https://angel.co/company/vezeeta/jobs/501103-product-specialist-alexandria
Accounting Manager,Operations,Vezeeta,Cairo,,https://angel.co/company/vezeeta/jobs/501104-accounting-manager
HR Business Partner (Only Saudi Nationals),Operations,Vezeeta,Riyadh,,https://angel.co/company/vezeeta/jobs/502558-hr-business-partner-only-saudi-nationals
VP Government Relations,Operations,Vezeeta,Cairo,,https://angel.co/company/vezeeta/jobs/508799-vp-government-relations
Senior Accountant (Saudi Nationals Only),Operations,Vezeeta,Riyadh,,https://angel.co/company/vezeeta/jobs/509230-senior-accountant-saudi-nationals-only
VP People & Culture,Operations,Vezeeta,Dubai,,https://angel.co/company/vezeeta/jobs/536859-vp-people-culture
Senior IT specialist,Other Engineering,Vezeeta,Cairo,,https://angel.co/company/vezeeta/jobs/540728-senior-it-specialist
Medical Representative - Banha,Sales,Vezeeta,Banha,,https://angel.co/company/vezeeta/jobs/496828-medical-representative-banha
Medical Representative - Damanhur,Sales,Vezeeta,Damanhour,,https://angel.co/company/vezeeta/jobs/496829-medical-representative-damanhur
Medical Representative - El Menia,Sales,Vezeeta,Minya,,https://angel.co/company/vezeeta/jobs/496830-medical-representative-el-menia
Medical Representative - Helwan,Sales,Vezeeta,Cairo,,https://angel.co/company/vezeeta/jobs/496831-medical-representative-helwan
Medical Representative - Matareya,Sales,Vezeeta,Cairo,,https://angel.co/company/vezeeta/jobs/496832-medical-representative-matareya
Medical Representative - Menoufia,Sales,Vezeeta,Menofia Governorate,,https://angel.co/company/vezeeta/jobs/496833-medical-representative-menoufia
Medical Representative - Shoubra,Sales,Vezeeta,Cairo,,https://angel.co/company/vezeeta/jobs/496834-medical-representative-shoubra
Medical Representative - Zagazig,Sales,Vezeeta,Zagazig,,https://angel.co/company/vezeeta/jobs/497268-medical-representative-zagazig
Area Development Manager Jeddah (Saudi Nationals Only),Sales,Vezeeta,Jeddah,,https://angel.co/company/vezeeta/jobs/508483-area-development-manager-jeddah-saudi-nationals-only
Business Development Executive,Sales,Vezeeta,Cairo,,https://angel.co/company/vezeeta/jobs/508798-business-development-executive
Area Development Manager - Riyadh (Saudi Nationals Only),Sales,Vezeeta,Riyadh,,https://angel.co/company/vezeeta/jobs/520652-area-development-manager-riyadh-saudi-nationals-only
Medical Representitive- Mansoura,Sales,Vezeeta,Dakahlia Governorate,,https://angel.co/company/vezeeta/jobs/525104-medical-representitive-mansoura
Business Development Manager,Sales,Vezeeta,Egypt,,https://angel.co/company/vezeeta/jobs/529095-business-development-manager
Indoor Sales - Syrian Residents Cairo,Sales,Vezeeta,Egypt,,https://angel.co/company/vezeeta/jobs/541921-indoor-sales-syrian-residents-cairo
Senior Back-End Engineer,Software Engineer,Vezeeta,Cairo,,https://angel.co/company/vezeeta/jobs/501100-senior-back-end-engineer
DevOps Senior Manager- Egypt,Software Engineer,Vezeeta,Cairo,,https://angel.co/company/vezeeta/jobs/501101-devops-senior-manager-egypt
Senior Front-End Engineer,Software Engineer,Vezeeta,Cairo,,https://angel.co/company/vezeeta/jobs/501105-senior-front-end-engineer
Software Automation Testing Engineer- Egypt,Software Engineer,Vezeeta,Egypt,,https://angel.co/company/vezeeta/jobs/501106-software-automation-testing-engineer-egypt
Software Automation Testing Lead- Egypt,Software Engineer,Vezeeta,Cairo,,https://angel.co/company/vezeeta/jobs/502559-software-automation-testing-lead-egypt
Software Engineering Manager- Egypt,Software Engineer,Vezeeta,Cairo,,https://angel.co/company/vezeeta/jobs/505096-software-engineering-manager-egypt
Software Automation Testing Engineer - Dubai,Software Engineer,Vezeeta,Dubai,,https://angel.co/company/vezeeta/jobs/505438-software-automation-testing-engineer-dubai
Software Automation Testing Lead - Dubai,Software Engineer,Vezeeta,Dubai,,https://angel.co/company/vezeeta/jobs/505440-software-automation-testing-lead-dubai
Software Engineering Manager- Dubai,Software Engineer,Vezeeta,Dubai,,https://angel.co/company/vezeeta/jobs/513144-software-engineering-manager-dubai
Senior Data Science Engineer,Software Engineer,Vezeeta,Cairo Governorate,,https://angel.co/company/vezeeta/jobs/527302-senior-data-science-engineer
DevOps Senior Manager- Dubai,Software Engineer,Vezeeta,Dubai,,https://angel.co/company/vezeeta/jobs/529484-devops-senior-manager-dubai
Product Innovation Manager,Other,Vezeeta,Cairo,,https://angel.co/company/vezeeta/jobs/502884-product-innovation-manager
Product Innovation Manager,Other,Vezeeta,Dubai,,https://angel.co/company/vezeeta/jobs/527301-product-innovation-manager
Product Owner,Other,Vezeeta,Dubai,,https://angel.co/company/vezeeta/jobs/540427-product-owner
Sales Community Manager,Marketing,seedstars.com,Remote,,https://angel.co/company/seedstars-com-1/jobs/578694-sales-community-manager
Growth Lead,Marketing,seedstars.com,Remote,€5k – €30k • No equity,https://angel.co/company/seedstars-com-1/jobs/614435-growth-lead
Community Analyst,Marketing,seedstars.com,Mexico City,$2k – $10k • No equity,https://angel.co/company/seedstars-com-1/jobs/622900-community-analyst
Community Manager - Cape Town,Marketing,seedstars.com,Cape Town,,https://angel.co/company/seedstars-com-1/jobs/628033-community-manager-cape-town
"Programs and Operations Manager - Nur-Sultan, Kazakhstan",Operations,seedstars.com,Astana,,https://angel.co/company/seedstars-com-1/jobs/603009-programs-and-operations-manager-nur-sultan-kazakhstan
Partnerships Manager MENA,Sales,seedstars.com,Egypt,$3k – $15k • No equity,https://angel.co/company/seedstars-com-1/jobs/559463-partnerships-manager-mena
Community and Events Manager,Sales,seedstars.com,Remote,$1k – $20k • No equity,https://angel.co/company/seedstars-com-1/jobs/581474-community-and-events-manager
Head Of Sales CEE & Cental Asia,Sales,seedstars.com,Belarus,$4k – $36k • No equity,https://angel.co/company/seedstars-com-1/jobs/592335-head-of-sales-cee-cental-asia
"Starups Programme Intern - Porto, Portugal",Sales,seedstars.com,Porto,No salary • No equity,https://angel.co/company/seedstars-com-1/jobs/598147-starups-programme-intern-porto-portugal
Partnership Manager Morocco,Sales,seedstars.com,Morocco,,https://angel.co/company/seedstars-com-1/jobs/603604-partnership-manager-morocco
Partnership Manager Ivory Coast,Sales,seedstars.com,Abidjan,,https://angel.co/company/seedstars-com-1/jobs/603628-partnership-manager-ivory-coast
Partnership Manager Egypt,Sales,seedstars.com,Cairo Governorate,,https://angel.co/company/seedstars-com-1/jobs/603657-partnership-manager-egypt
Social Media Specialist,Sales,seedstars.com,Remote,$5k – $30k • No equity,https://angel.co/company/seedstars-com-1/jobs/611606-social-media-specialist
Acceleration EIR,Sales,seedstars.com,Bogota,,https://angel.co/company/seedstars-com-1/jobs/611662-acceleration-eir
Partnership Manager Asia,Sales,seedstars.com,Singapore,$4k – $35k • No equity,https://angel.co/company/seedstars-com-1/jobs/637243-partnership-manager-asia
Full Stack Software Engineer,Software Engineer,seedstars.com,Covilha,,https://angel.co/company/seedstars-com-1/jobs/513401-full-stack-software-engineer
Python/ReactJS Software Engineer Intern,Software Engineer,seedstars.com,Covilha,,https://angel.co/company/seedstars-com-1/jobs/513403-python-reactjs-software-engineer-intern
Full Stack Software Engineer,Software Engineer,seedstars.com,Covilha,,https://angel.co/company/seedstars-com-1/jobs/621666-full-stack-software-engineer
Analyst,Other,seedstars.com,Remote,€2k – €8k • No equity,https://angel.co/company/seedstars-com-1/jobs/674147-analyst
Creative Director,Designer,Luno,Cape Town,,https://angel.co/company/lunomoney/jobs/659765-creative-director
Head of Product Design,Designer,Luno,Cape Town,,https://angel.co/company/lunomoney/jobs/669446-head-of-product-design
Global Performance Marketing Specialist,Marketing,Luno,London,,https://angel.co/company/lunomoney/jobs/649139-global-performance-marketing-specialist
Brand Ambassador - UK,Marketing,Luno,London,,https://angel.co/company/lunomoney/jobs/653230-brand-ambassador-uk
Technical Writer,Marketing,Luno,Cape Town,,https://angel.co/company/lunomoney/jobs/657641-technical-writer
UX Writer,Marketing,Luno,Cape Town,,https://angel.co/company/lunomoney/jobs/672814-ux-writer
UX Content Writer,Marketing,Luno,Cape Town,,https://angel.co/company/lunomoney/jobs/678930-ux-content-writer
User Experience Copywriter,Marketing,Luno,Cape Town,,https://angel.co/company/lunomoney/jobs/678931-user-experience-copywriter
Data Operations Engineer (DataOps),Operations,Luno,Johannesburg,,https://angel.co/company/lunomoney/jobs/529319-data-operations-engineer-dataops
Customer Success Associate,Operations,Luno,Jakarta,,https://angel.co/company/lunomoney/jobs/560892-customer-success-associate
Front Office Manager,Operations,Luno,Cape Town,,https://angel.co/company/lunomoney/jobs/679778-front-office-manager
Customer Success Associate,Sales,Luno,Cape Town,,https://angel.co/company/lunomoney/jobs/618595-customer-success-associate
Country Manager - South Africa,Sales,Luno,Johannesburg,,https://angel.co/company/lunomoney/jobs/669102-country-manager-south-africa
Growth Manager - South Africa,Sales,Luno,Johannesburg,,https://angel.co/company/lunomoney/jobs/676203-growth-manager-south-africa
Production Support Manager,Software Engineer,Luno,Cape Town,$50k – $70k • No equity,https://angel.co/company/lunomoney/jobs/413028-production-support-manager
Software Engineer - Web Frontend,Software Engineer,Luno,Johannesburg,,https://angel.co/company/lunomoney/jobs/442220-software-engineer-web-frontend
Software Engineer Manager,Software Engineer,Luno,Singapore,,https://angel.co/company/lunomoney/jobs/451703-software-engineer-manager
Software Engineer,Software Engineer,Luno,Cape Town,,https://angel.co/company/lunomoney/jobs/488037-software-engineer
Software Engineer,Software Engineer,Luno,Johannesburg,,https://angel.co/company/lunomoney/jobs/489518-software-engineer
Software Engineer - Android,Software Engineer,Luno,Cape Town,,https://angel.co/company/lunomoney/jobs/489520-software-engineer-android
Software Engineer - Web Frontend,Software Engineer,Luno,Johannesburg,,https://angel.co/company/lunomoney/jobs/489522-software-engineer-web-frontend
Software Engineer - Web Frontend,Software Engineer,Luno,Cape Town,,https://angel.co/company/lunomoney/jobs/489523-software-engineer-web-frontend
Software Engineer - iOS,Software Engineer,Luno,Johannesburg,,https://angel.co/company/lunomoney/jobs/492791-software-engineer-ios
Android Developer,Software Engineer,Luno,London,,https://angel.co/company/lunomoney/jobs/590389-android-developer
Software Engineering Manager,Software Engineer,Luno,London,,https://angel.co/company/lunomoney/jobs/607859-software-engineering-manager
Graduate Software Engineer,Software Engineer,Luno,Cape Town,,https://angel.co/company/lunomoney/jobs/629618-graduate-software-engineer
Frontend Platform Product Owner ,Software Engineer,Luno,Singapore,,https://angel.co/company/lunomoney/jobs/644897-frontend-platform-product-owner
Software Engineer,Software Engineer,Luno,London,,https://angel.co/company/lunomoney/jobs/647307-software-engineer
Scrum Master,Other,Luno,Cape Town,,https://angel.co/company/lunomoney/jobs/505946-scrum-master
Senior Data Scientist,Other,Luno,Cape Town,,https://angel.co/company/lunomoney/jobs/653229-senior-data-scientist
Fraud Data Scientist,Other,Luno,Cape Town,,https://angel.co/company/lunomoney/jobs/654109-fraud-data-scientist
Data Scientist Associate,Other,Luno,Cape Town,,https://angel.co/company/lunomoney/jobs/654110-data-scientist-associate
Junior Mobile Developer with Numida,Software Engineer,EWB Canada,Uganda,$20k – $30k • 1.0% – 2.0%,https://angel.co/company/ewbcanada/jobs/322120-junior-mobile-developer-with-numida
Web Application Developer with Laboremus Uganda,Software Engineer,EWB Canada,Uganda,$20k – $30k • 1.0% – 2.0%,https://angel.co/company/ewbcanada/jobs/322146-web-application-developer-with-laboremus-uganda
Android Developer,Software Engineer,EWB Canada,Kenya,$20k – $30k • 1.0% – 2.0%,https://angel.co/company/ewbcanada/jobs/385831-android-developer
Engineers Without Borders Canada Fellowship,Software Engineer,EWB Canada,Toronto,,https://angel.co/company/ewbcanada/jobs/571153-engineers-without-borders-canada-fellowship
Product Manager with Numida,Other,EWB Canada,Uganda,$20k – $30k • 1.0% – 2.0%,https://angel.co/company/ewbcanada/jobs/322124-product-manager-with-numida
Data Scientist with Numida,Other,EWB Canada,Uganda,$20k – $30k • 1.0% – 2.0%,https://angel.co/company/ewbcanada/jobs/322134-data-scientist-with-numida
Data Scientist with Viamo,Other,EWB Canada,Uganda,$20k – $30k • 1.0% – 2.0%,https://angel.co/company/ewbcanada/jobs/322139-data-scientist-with-viamo
Product Owner with Laboremus Uganda,Other,EWB Canada,Uganda,$20k – $30k • 1.0% – 2.0%,https://angel.co/company/ewbcanada/jobs/322150-product-owner-with-laboremus-uganda
Incubator Fellow with Meltwater Entrepreneurial School of Technology,Other,EWB Canada,Ghana,$20k – $30k • 1.0% – 2.0%,https://angel.co/company/ewbcanada/jobs/322153-incubator-fellow-with-meltwater-entrepreneurial-school-of-technology
Long Term Fellowship - Engineers Without Borders,Other,EWB Canada,Toronto,,https://angel.co/company/ewbcanada/jobs/474361-long-term-fellowship-engineers-without-borders
CMO,Management,brandedNG,Port Harcourt,No salary • 5.0% – 15.0%,https://angel.co/company/brandedng/jobs/666755-cmo
Business Developer,Sales,brandedNG,Port Harcourt,No salary • 7.0% – 15.0%,https://angel.co/company/brandedng/jobs/666739-business-developer
Full Stack Engineer,Software Engineer,brandedNG,Port Harcourt,7.0% – 10.0%,https://angel.co/company/brandedng/jobs/666748-full-stack-engineer
Videographer/Photographer,Marketing,ThisisAccra,Accra,$6k – $6k • No equity,https://angel.co/company/thisisaccra/jobs/669819-videographer-photographer
Interns,Operations,ThisisAccra,Accra,No salary • No equity,https://angel.co/company/thisisaccra/jobs/671927-interns
Mobile data analytics and Growth manager,Other,Lifti,Johannesburg,$20k – $25k • No equity,https://angel.co/company/lifti-1/jobs/520066-mobile-data-analytics-and-growth-manager
Principal Consultant,Software Engineer,Daybreak Marketing Resource,Abuja,$10k – $50k • 10.0% – 12.0%,https://angel.co/company/daybreak-marketing-resource/jobs/571271-principal-consultant
"Back-end Developer for Cairo Team (Maadi, KMT House)",Software Engineer,Radivision,Egypt,$120k – $200k • No equity,https://angel.co/company/radivision/jobs/370484-back-end-developer-for-cairo-team-maadi-kmt-house
Software Engineer: Embedded Applications,Other Engineering,SparkMeter,Washington,,https://angel.co/company/sparkmeter-1/jobs/544664-software-engineer-embedded-applications
Commercial Operations Associate,Sales,SparkMeter,Nairobi,$55k – $75k • No equity,https://angel.co/company/sparkmeter-1/jobs/498537-commercial-operations-associate
RF Engineer,Other Engineering,Agape Associates,Dar-Es-Salaam,$12k – $36k • 0.0% – 1.0%,https://angel.co/company/agape-associates/jobs/625800-rf-engineer
Headend Engineer - Satellite - DTH / DTT,Other Engineering,Agape Associates,Dar es Salaam,$12k – $30k • No equity,https://angel.co/company/agape-associates/jobs/631411-headend-engineer-satellite-dth-dtt
Graphics designer,Designer,Happy Wishy,Nairobi,$7k – $8k • No equity,https://angel.co/company/happy-wishy/jobs/585705-graphics-designer
.Net Developers,Software Engineer,Coven Works,Lagos,$8k – $10k • No equity,https://angel.co/company/coven-works-1/jobs/557966-net-developers
"Director, Growth Marketing & Audience Development",Marketing,Maple Media,Los Angeles,$75k – $100k • No equity,https://angel.co/company/maplemedia/jobs/499745-director-growth-marketing-audience-development
Product Marketing Manager,Marketing,Maple Media,Los Angeles,,https://angel.co/company/maplemedia/jobs/573467-product-marketing-manager
"Business Development Manager, Acquisitions",Sales,Maple Media,Los Angeles,$50k – $65k • No equity,https://angel.co/company/maplemedia/jobs/495362-business-development-manager-acquisitions
Android Engineer,Software Engineer,Maple Media,Gatineau,,https://angel.co/company/maplemedia/jobs/575178-android-engineer
"Product Manager, Mobile Apps",Other,Maple Media,Los Angeles,$65k – $105k • No equity,https://angel.co/company/maplemedia/jobs/556888-product-manager-mobile-apps
"Business Development Manager, Nigeria",Sales,Bloom Impact,Lagos,$12k – $17k • 0.5% – 1.0%,https://angel.co/company/bloomimpact/jobs/188502-business-development-manager-nigeria
"Business Development Manager, Ghana",Sales,Bloom Impact,Boston,$10k – $14k • No equity,https://angel.co/company/bloomimpact/jobs/638107-business-development-manager-ghana
Backend Developer,Software Engineer,Bloom Impact,Accra,$5k – $10k • No equity,https://angel.co/company/bloomimpact/jobs/636321-backend-developer
Software Engineer,Software Engineer,BuyPower,Abuja,$10k – $50k • 0.1% – 1.0%,https://angel.co/company/buypower/jobs/260997-software-engineer
Product Manager,Other,BuyPower,Lagos,$10k – $50k • No equity,https://angel.co/company/buypower/jobs/638116-product-manager
Senior Graphic Designer and Comms Specialist,Designer,Flare,Remote,$1k – $80k • 0.0% – 0.25%,https://angel.co/company/flare-8/jobs/369780-senior-graphic-designer-and-comms-specialist
Office Operations Guru,Operations,Flare,Nairobi,$8k – $12k • No equity,https://angel.co/company/flare-8/jobs/275259-office-operations-guru
Senior Backend Javascript Software Engineer,Software Engineer,Flare,Remote,$50k – $110k • 0.0% – 4.0%,https://angel.co/company/flare-8/jobs/201560-senior-backend-javascript-software-engineer
Senior Android Developer with 4plus years experience,Software Engineer,Flare,Remote,$40k – $100k • 0.0% – 2.0%,https://angel.co/company/flare-8/jobs/204715-senior-android-developer-with-4plus-years-experience
Senior React/Redux Dev with a Passion for Beautiful Design and Usability,Software Engineer,Flare,Remote,$30k – $80k • 0.0% – 2.0%,https://angel.co/company/flare-8/jobs/216415-senior-react-redux-dev-with-a-passion-for-beautiful-design-and-usability
Lead Mobile Dev with SERIOUS React Native Skills,Software Engineer,Flare,Remote,$2k – $80k • 0.0% – 1.0%,https://angel.co/company/flare-8/jobs/369793-lead-mobile-dev-with-serious-react-native-skills
Testing Engineer,Software Engineer,Flare,Nairobi,$8k – $50k • No equity,https://angel.co/company/flare-8/jobs/657037-testing-engineer
Data Analyst,Other,Flare,Nairobi,$8k – $50k • No equity,https://angel.co/company/flare-8/jobs/657101-data-analyst
Full-stack Software Engineer,Software Engineer,Root,Cape Town,$27k – $65k • 0.1% – 2.0%,https://angel.co/company/rootwealth/jobs/661854-full-stack-software-engineer
Senior Software Engineer,Software Engineer,Root,Cape Town,$60k – $120k • 0.1% – 3.5%,https://angel.co/company/rootwealth/jobs/661876-senior-software-engineer
Software Engineer - Python,Software Engineer,Arifu,Nairobi,$14k – $18k • 0.0% – 0.5%,https://angel.co/company/arifu-kenya/jobs/398716-software-engineer-python
Marketing Executive,Marketing,Sasha's Fine Foods,Singapore,$24k – $36k • No equity,https://angel.co/company/sasha-s-fine-foods/jobs/656349-marketing-executive
Wholesale Account Manager,Sales,Sasha's Fine Foods,Singapore,$30k – $42k • 0.0% – 1.0%,https://angel.co/company/sasha-s-fine-foods/jobs/649363-wholesale-account-manager
Technical Product Manager,Other,Koya Africa,Lagos,$10k – $12k • 5.0% – 20.0%,https://angel.co/company/koya-africa/jobs/614565-technical-product-manager
Full Stack Developer,Software Engineer,KaziQuest,Nairobi,$5k – $12k • 1.0% – 5.0%,https://angel.co/company/kaziquest/jobs/497632-full-stack-developer
Senior PHP Laravel Developer,Software Engineer,Community of Babel,Cairo Governorate,$1k – $2k • 5.0% – 7.0%,https://angel.co/company/community-of-babel-1/jobs/596788-senior-php-laravel-developer
Assistant Human Resource Officer,Operations,GRAND MAGNET RESOURCE,Lagos,$2k – $3k • 10.0% – 25.0%,https://angel.co/company/grand-magnet-resource/jobs/622248-assistant-human-resource-officer
Business Developer,Sales,GRAND MAGNET RESOURCE,Lagos,$2k – $5k • 10.0% – 25.0%,https://angel.co/company/grand-magnet-resource/jobs/622246-business-developer
ICT Assistant,Software Engineer,GRAND MAGNET RESOURCE,Lagos,$1k – $2k • 5.0% – 10.0%,https://angel.co/company/grand-magnet-resource/jobs/622247-ict-assistant
CTO,Management,ECARE,Kaduna,$2k – $3k • 5.0% – 6.5%,https://angel.co/company/ecare-1/jobs/472006-cto
Tech Director,Management,Rabbit,Cairo Governorate,$1k – $1k • 3.0% – 5.0%,https://angel.co/company/rabbit-7/jobs/660644-tech-director
Front End Developer (React Native),Software Engineer,Rabbit,Cairo Governorate,,https://angel.co/company/rabbit-7/jobs/660648-front-end-developer-react-native
Backend Developer (NodeJS),Software Engineer,Rabbit,Cairo Governorate,,https://angel.co/company/rabbit-7/jobs/660675-backend-developer-nodejs
"drivers code10,14(0661500470)",Operations,JOEL GOLD MINE,Free State,$12k – $13k • 2.5% – 5.0%,https://angel.co/company/joel-gold-mine-1/jobs/656458-drivers-code10-14-0661500470
Technical Services Representatives,Operations,RECOURS FOUR KENYA CONSULTANTS,Nairobi,$1k – $2k • No equity,https://angel.co/company/recours-four-kenya-consultants-1/jobs/587098-technical-services-representatives
IT Technical Support Engineer,Other Engineering,RECOURS FOUR KENYA CONSULTANTS,Nairobi,$1k – $3k • No equity,https://angel.co/company/recours-four-kenya-consultants-1/jobs/586510-it-technical-support-engineer
Civil Engineer,Other Engineering,RECOURS FOUR KENYA CONSULTANTS,Nairobi,$1k – $3k • No equity,https://angel.co/company/recours-four-kenya-consultants-1/jobs/588616-civil-engineer
Customer Technical Services Officer,Sales,RECOURS FOUR KENYA CONSULTANTS,Nairobi,$2k – $3k • No equity,https://angel.co/company/recours-four-kenya-consultants-1/jobs/587094-customer-technical-services-officer
Automotive Business Intelligence Associate,Sales,RECOURS FOUR KENYA CONSULTANTS,Nairobi,$30k – $100k • 40.0% – 50.0%,https://angel.co/company/recours-four-kenya-consultants-1/jobs/612059-automotive-business-intelligence-associate
Web Developers,Software Engineer,RECOURS FOUR KENYA CONSULTANTS,Nairobi,$5k – $8k • No equity,https://angel.co/company/recours-four-kenya-consultants-1/jobs/586497-web-developers
Staff Trainer,Operations,WCAD Technology,Kilifi,$5k – $10k • No equity,https://angel.co/company/wcad-technology/jobs/669329-staff-trainer
Software Engineer,Software Engineer,WCAD Technology,Nairobi,No salary • 0.25% – 1.0%,https://angel.co/company/wcad-technology/jobs/669313-software-engineer
Network Engineer,Software Engineer,WCAD Technology,Nairobi,No salary • 0.25% – 1.0%,https://angel.co/company/wcad-technology/jobs/669315-network-engineer
Quantitative Advisor,Software Engineer,WCAD Technology,Nairobi,No salary • 0.25% – 1.0%,https://angel.co/company/wcad-technology/jobs/669318-quantitative-advisor
Business Development Officer,Sales,DreamLabs,Federal Capital Territory,$5k – $10k • No equity,https://angel.co/company/dreamlabs-1/jobs/449649-business-development-officer
Senior Software engineer,Software Engineer,DreamLabs,Federal Capital Territory,$5k – $10k • No equity,https://angel.co/company/dreamlabs-1/jobs/449650-senior-software-engineer
Nutritionist,Marketing,Globegate West Africa,Nigeria,$50k – $80k • 0.5% – 1.5%,https://angel.co/company/globegate-west-africa-1/jobs/584321-nutritionist
Agricultural managers,Other,Globegate West Africa,Nigeria,$50k – $100k • 0.0% – 1.5%,https://angel.co/company/globegate-west-africa-1/jobs/584305-agricultural-managers
Account Executive (Factories),Sales,Safi Analytics,Nairobi,$40k – $80k • 0.0% – 1.0%,https://angel.co/company/safi-analytics/jobs/566099-account-executive-factories
Account Executive (Software),Sales,Safi Analytics,Nairobi,$40k – $80k • 0.0% – 1.0%,https://angel.co/company/safi-analytics/jobs/597578-account-executive-software
Senior Full-Stack Software Developer,Software Engineer,Safi Analytics,Nairobi,$50k – $100k • 0.5% – 10.0%,https://angel.co/company/safi-analytics/jobs/391292-senior-full-stack-software-developer
Full-Stack Software Developer,Software Engineer,Safi Analytics,Nairobi,$40k – $100k • 0.0% – 3.0%,https://angel.co/company/safi-analytics/jobs/392787-full-stack-software-developer
Team Supervisor,Operations,Globegate West Africa,Lagos Mainland,$50k – $78k • 0.5% – 15.0%,https://angel.co/company/globegate-west-africa/jobs/582790-team-supervisor
Team Supervisor,Operations,Globegate West Africa,Lagos,$50k – $78k • 0.0% – 0.15%,https://angel.co/company/globegate-west-africa/jobs/582791-team-supervisor
Marketing & Communications Strategist,Marketing,GETJAMA,Lagos,$5k – $10k • No equity,https://angel.co/company/getjama/jobs/423986-marketing-communications-strategist
Sales Lead,Sales,GETJAMA,Lagos,$1k – $2k • No equity,https://angel.co/company/getjama/jobs/402789-sales-lead
Executive Assistant [Analyst] to CEO,Operations,WhereIsMyTransport,London,,https://angel.co/company/whereismytransport-1/jobs/453293-executive-assistant-analyst-to-ceo
Senior Android Engineer,Software Engineer,WhereIsMyTransport,Cape Town,$43k – $50k • No equity,https://angel.co/company/whereismytransport-1/jobs/460227-senior-android-engineer
Fullstack Software Engineer,Software Engineer,WhereIsMyTransport,Cape Town,$38k – $42k • No equity,https://angel.co/company/whereismytransport-1/jobs/460229-fullstack-software-engineer
Graphic Design Intern,Designer,Eversend,Remote,€0k – €2k • No equity,https://angel.co/company/eversend/jobs/527702-graphic-design-intern
Quality Assurance Analyst & Ambassador,Marketing,Eversend,Uganda,$1k – $2k • No equity,https://angel.co/company/eversend/jobs/584425-quality-assurance-analyst-ambassador
Customer Support Specialist,Operations,Eversend,Kampala,$3k – $5k • No equity,https://angel.co/company/eversend/jobs/669767-customer-support-specialist
Software Development Intern,Software Engineer,Eversend,Remote,No salary • No equity,https://angel.co/company/eversend/jobs/466561-software-development-intern
Digital content manager,Marketing,Balancell,Cape Town,$10k – $20k • No equity,https://angel.co/company/balancell-com/jobs/593778-digital-content-manager
Production supervisor,Operations,Balancell,Cape Town,$15k – $25k • No equity,https://angel.co/company/balancell-com/jobs/593775-production-supervisor
Battery assembly production engineer,Software Engineer,Balancell,Cape Town,$10k – $40k • 0.1% – 1.0%,https://angel.co/company/balancell-com/jobs/450775-battery-assembly-production-engineer
Junior Developer,Software Engineer,Balancell,Cape Town,$15k – $20k • No equity,https://angel.co/company/balancell-com/jobs/542192-junior-developer
Senior Back End  Software  Engineer,Software Engineer,Hava,Nairobi,$1k – $2k • No equity,https://angel.co/company/hava-cabs/jobs/524386-senior-back-end-software-engineer
Senior Software engineer,Software Engineer,Inclusivity Solutions,Cape Town,$40k – $60k • No equity,https://angel.co/company/inclusivity-solutions/jobs/489103-senior-software-engineer
Data Science Head Teacher,Other,iXperience,Cape Town,$100k – $100k • No equity,https://angel.co/company/ixperience-2/jobs/516948-data-science-head-teacher
Data Science Teacher,Other,iXperience,Tel Aviv-Yafo,$80k – $100k • No equity,https://angel.co/company/ixperience-2/jobs/518992-data-science-teacher
Marketing Manager,Marketing,ELXR,Singapore,$18k – $24k • 0.5% – 1.0%,https://angel.co/company/elxr-1/jobs/386576-marketing-manager
Sports Coach,Operations,ELXR,Singapore,$18k – $24k • No equity,https://angel.co/company/elxr-1/jobs/386579-sports-coach
Head of Sports,Operations,ELXR,Singapore,$18k – $24k • 0.5% – 1.0%,https://angel.co/company/elxr-1/jobs/386581-head-of-sports
Head of Genetics,Operations,ELXR,Singapore,$24k – $36k • 0.5% – 1.0%,https://angel.co/company/elxr-1/jobs/386582-head-of-genetics
Full Stack Developer,Software Engineer,ELXR,Singapore,$36k – $48k • 1.0% – 2.0%,https://angel.co/company/elxr-1/jobs/351967-full-stack-developer
UI/UX Designer/Front End Engineer,Designer,She Leads Africa,Lagos,,https://angel.co/company/she-leads-africa-2/jobs/662078-ui-ux-designer-front-end-engineer
VP Finance,Operations,She Leads Africa,Lagos,$20k – $22k • No equity,https://angel.co/company/she-leads-africa-2/jobs/622633-vp-finance
Front End Developer,Software Engineer,Giraffe,Johannesburg,$30k – $100k • No equity,https://angel.co/company/giraffe-1/jobs/391650-front-end-developer
Full stack developer wanted to join SA’s hottest startup,Software Engineer,Giraffe,Johannesburg,$20k – $50k • 0.0% – 5.0%,https://angel.co/company/giraffe-1/jobs/608843-full-stack-developer-wanted-to-join-sa-s-hottest-startup
"Hardware Desingner, Electrical engineers.",Other Engineering,KEV-BEE-MA,Kenya,$1k – $5k • 2.0% – 8.0%,https://angel.co/company/kev-bee-ma/jobs/591235-hardware-desingner-electrical-engineers
Sales Manager,Sales,Utility SubMetering Systems,Nairobi,$12k – $30k • No equity,https://angel.co/company/utility-submetering-systems/jobs/530718-sales-manager
CTO,Management,Find me Football,Cairo Governorate,$2k – $5k • 5.0% – 20.0%,https://angel.co/company/find-me-footbball/jobs/422219-cto
Sales & Accounts Coordinator,Sales,BLACK PURIST MEDIA,Abuja,£2k – £4k • 1.0% – 3.0%,https://angel.co/company/black-purist-media-1/jobs/413711-sales-accounts-coordinator
Executive Assistant To CEO,Operations,Lupark DC,Lagos,$1k – $2k • No equity,https://angel.co/company/lupark/jobs/576638-executive-assistant-to-ceo
Business Development Manager,Sales,Lupark DC,Remote,$0k – $1k • No equity,https://angel.co/company/lupark/jobs/426189-business-development-manager
CTO,Software Engineer,Outpace,Cairo Governorate,$1k – $2k • 1.0% – 10.0%,https://angel.co/company/outpace/jobs/514221-cto
Part time jobs for students,Sales,alpha inc company,Nairobi,$10k – $20k • No equity,https://angel.co/company/alpha-inc-company/jobs/412313-part-time-jobs-for-students
Partner - Co-founder,Sales,Furniture Business,Egypt,$1k – $10k • 5.0% – 30.0%,https://angel.co/company/furniture-business/jobs/346771-partner-co-founder
Call Center Support,Operations,C3 Connect,McGregor,$22k – $25k • No equity,https://angel.co/company/c3-connect-1/jobs/622140-call-center-support
Administration clerk,Operations,Lace Diamond Mine,Virginia,,https://angel.co/company/lace-diamond-mine/jobs/606032-administration-clerk
Administration clerk,Operations,Lace Diamond Mine,Pretoria,$1k – $2k • No equity,https://angel.co/company/lace-diamond-mine/jobs/606033-administration-clerk
Blogger,Software Engineer,Hoodtrends,Lagos,$1k – $1k • No equity,https://angel.co/company/hoodtrends/jobs/446522-blogger
Full stack developer,Software Engineer,Imagine Insurance,Johannesburg,$20k – $80k • 0.0% – 5.0%,https://angel.co/company/imagine-insurance/jobs/630236-full-stack-developer
Content Creator Needed,Marketing,Latest Phone Zone,Nigeria,$1k – $3k • No equity,https://angel.co/company/latest-phone-zone-1/jobs/626527-content-creator-needed
Content Writer,Marketing,Buy Quality PLR,Cape Town,$1k – $2k • No equity,https://angel.co/company/buy-quality-plr/jobs/582185-content-writer
Chief Technology Officer,Management,ClockWork App,Cape Town,$10k – $15k • 15.0% – 20.0%,https://angel.co/company/clockwork-app/jobs/600226-chief-technology-officer
Head of Software Product Management,Other,M-KOPA,Kenya,$1k – $2k • No equity,https://angel.co/company/m-kopa-1/jobs/586901-head-of-software-product-management
Software Engineer,Software Engineer,Conexão Acadêmica,Luanda,$1k – $2k • No equity,https://angel.co/company/conexao-academica-1/jobs/603881-software-engineer
Senior Webdeveloper,Software Engineer,Jumba,Rotterdam,€45k – €75k • No equity,https://angel.co/company/jumba/jobs/97446-senior-webdeveloper
Content Manager & Creator,Marketing,Vids,Los Angeles,$50k – $75k • 1.0% – 5.0%,https://angel.co/company/vids/jobs/554825-content-manager-creator
Full Stack Engineer for Mobile App,Software Engineer,Vids,Los Angeles,$75k – $150k • 1.0% – 10.0%,https://angel.co/company/vids/jobs/537810-full-stack-engineer-for-mobile-app
Full Stack Engineer for Mobile App,Software Engineer,Vids,Los Angeles,$75k – $150k • 1.0% – 10.0%,https://angel.co/company/vids/jobs/541813-full-stack-engineer-for-mobile-app
CTO - Software Engineer and app developer,Software Engineer,WeTrain,Nairobi,$25k – $30k • 0.0% – 4.0%,https://angel.co/company/wetrain-2/jobs/624210-cto-software-engineer-and-app-developer
Software Developer,Software Engineer,Dalitso Consulting,Cape Town,,https://angel.co/company/dalitso-consulting-1/jobs/420720-software-developer
Software Developer,Software Engineer,Dalitso Consulting,Gauteng,,https://angel.co/company/dalitso-consulting-1/jobs/438069-software-developer
Hiring Software Developers,Software Engineer,Dalitso Consulting,South Africa,$4k – $4k • No equity,https://angel.co/company/dalitso-consulting-1/jobs/438087-hiring-software-developers
Software Engineer,Software Engineer,Digi Pesa Technologies,Nairobi,$85k – $130k • 0.1% – 0.5%,https://angel.co/company/digi-pesa-technologies/jobs/453326-software-engineer
Mobile Engineer,Software Engineer,Digi Pesa Technologies,Nairobi,$80k – $100k • 0.1% – 0.5%,https://angel.co/company/digi-pesa-technologies/jobs/453334-mobile-engineer
Head of Exploration,Other,United Nations Development Programme (UNDP) South Africa,Pretoria,$52k – $65k • No equity,https://angel.co/company/united-nations-development-programme-undp-south-africa/jobs/506696-head-of-exploration
Head of Solutions Mapping,Other,United Nations Development Programme (UNDP) South Africa,Pretoria,$52k – $65k • No equity,https://angel.co/company/united-nations-development-programme-undp-south-africa/jobs/506699-head-of-solutions-mapping
Head of Experimentation,Other,United Nations Development Programme (UNDP) South Africa,Pretoria,$52k – $65k • No equity,https://angel.co/company/united-nations-development-programme-undp-south-africa/jobs/506703-head-of-experimentation
UI/UX Mobile and Product Designer,Designer,NALA,Remote,$6k – $60k • No equity,https://angel.co/company/nala-3/jobs/636880-ui-ux-mobile-and-product-designer
Admin / Finance Rockstar,Operations,NALA,Dar es Salaam,$10k – $20k • No equity,https://angel.co/company/nala-3/jobs/605952-admin-finance-rockstar
Lead Software Engineer - FinTech,Software Engineer,NALA,Remote,$18k – $90k • No equity,https://angel.co/company/nala-3/jobs/545856-lead-software-engineer-fintech
NALA - Uganda - Product Support Lead,Software Engineer,NALA,Uganda,$3k – $15k • No equity,https://angel.co/company/nala-3/jobs/570938-nala-uganda-product-support-lead
QUANTUM COMPUTING SCIENTIST,Management,HehSiot,Boston,$180k – $200k • 2.0% – 5.0%,https://angel.co/company/hehsiot/jobs/558174-quantum-computing-scientist
CRYPTOLOGIST / SENIOR CRYPTOGRAPHY ENGINEER,Management,HehSiot,Boston,$160k – $200k • 2.0% – 5.0%,https://angel.co/company/hehsiot/jobs/558177-cryptologist-senior-cryptography-engineer
Senior CyberSecurity Engineer,Management,HehSiot,Boston,$170k – $185k • 2.0% – 5.0%,https://angel.co/company/hehsiot/jobs/562020-senior-cybersecurity-engineer
IT HARDWARE ENGINEER/DESIGNER,Other Engineering,HehSiot,Remote,$60k – $80k • 5.0% – 15.0%,https://angel.co/company/hehsiot/jobs/460187-it-hardware-engineer-designer
ANALOG IC DESIGN ENGINEER,Other Engineering,HehSiot,Boston,$90k – $100k • 0.1% – 0.5%,https://angel.co/company/hehsiot/jobs/561996-analog-ic-design-engineer
Senior-level Machine Learning / Algorithm Developer,Software Engineer,HehSiot,Remote,$100k – $120k • 0.5% – 1.0%,https://angel.co/company/hehsiot/jobs/460188-senior-level-machine-learning-algorithm-developer
Software and Security Architect Engineer,Software Engineer,HehSiot,Remote,$90k – $150k • 0.5% – 2.0%,https://angel.co/company/hehsiot/jobs/460189-software-and-security-architect-engineer
BACK END DEVELOPER,Software Engineer,HehSiot,Remote,$60k – $90k • 5.0% – 8.0%,https://angel.co/company/hehsiot/jobs/460190-back-end-developer
Front-End Developer,Software Engineer,HehSiot,Lagos,$60k – $90k • 5.0% – 8.0%,https://angel.co/company/hehsiot/jobs/460191-front-end-developer
Front End developer,Software Engineer,HehSiot,Lagos,$50k – $90k • 5.0% – 8.0%,https://angel.co/company/hehsiot/jobs/460192-front-end-developer
"Operations Director, Harvest",Management,Komaza,Kenya,,https://angel.co/company/komaza/jobs/546120-operations-director-harvest
Vice President Business Operations,Operations,Komaza,Kilifi,$80k – $110k • 5.0% – 10.0%,https://angel.co/company/komaza/jobs/462366-vice-president-business-operations
International Sales Manager for a Global Fintech Company,Sales,Alariss,London,$60k – $140k • No equity,https://angel.co/company/alariss/jobs/598007-international-sales-manager-for-a-global-fintech-company
Tech Founder,Management,Antler,Amsterdam,No salary • No equity,https://angel.co/company/antler/jobs/489390-tech-founder
Partner,Management,Antler,Singapore,,https://angel.co/company/antler/jobs/495053-partner
Founder,Management,Antler,Singapore,No salary • No equity,https://angel.co/company/antler/jobs/531305-founder
Founder,Management,Antler,London,No salary • No equity,https://angel.co/company/antler/jobs/566684-founder
Founder,Management,Antler,Nairobi,$18k – $18k • No equity,https://angel.co/company/antler/jobs/578337-founder
Founder,Management,Antler,Stockholm,No salary • No equity,https://angel.co/company/antler/jobs/585142-founder
Founder,Management,Antler,Singapore,No salary • No equity,https://angel.co/company/antler/jobs/586396-founder
Founder OSL1,Management,Antler,Singapore,No salary • No equity,https://angel.co/company/antler/jobs/599421-founder-osl1
Founder,Management,Antler,Netherlands,No salary • No equity,https://angel.co/company/antler/jobs/601959-founder
Founder,Management,Antler,Singapore,No salary • No equity,https://angel.co/company/antler/jobs/632061-founder
Singapore Executive Deep Tech,Management,Antler,Singapore,No salary • No equity,https://angel.co/company/antler/jobs/658058-singapore-executive-deep-tech
"Internship opportunities across Marketing, Finance/Fund Raising, Recruiting",Marketing,Antler,London,£1k – £2k • No equity,https://angel.co/company/antler/jobs/489189-internship-opportunities-across-marketing-finance-fund-raising-recruiting
Marketing and Communications Internship,Marketing,Antler,Singapore,,https://angel.co/company/antler/jobs/517615-marketing-and-communications-internship
Operations Internship,Marketing,Antler,New York City,,https://angel.co/company/antler/jobs/559416-operations-internship
Media and Communications Internship,Marketing,Antler,Amsterdam,,https://angel.co/company/antler/jobs/584344-media-and-communications-internship
Marketing and Communications Internship,Marketing,Antler,London,,https://angel.co/company/antler/jobs/629642-marketing-and-communications-internship
Marketing Manager,Marketing,Antler,London,,https://angel.co/company/antler/jobs/633900-marketing-manager
Social Media Manager,Marketing,Antler,London,,https://angel.co/company/antler/jobs/645452-social-media-manager
Marketing & Content Production Intern,Marketing,Antler,Oslo,No salary • No equity,https://angel.co/company/antler/jobs/679500-marketing-content-production-intern
Content Creator Internship,Marketing,Antler,Stockholm,,https://angel.co/company/antler/jobs/679790-content-creator-internship
Finance Intern,Operations,Antler,Singapore,No salary • No equity,https://angel.co/company/antler/jobs/490476-finance-intern
Recruiting Internship,Operations,Antler,Singapore,,https://angel.co/company/antler/jobs/490503-recruiting-internship
Recruiting Internship,Operations,Antler,London,,https://angel.co/company/antler/jobs/490504-recruiting-internship
Recruitment Internship,Operations,Antler,Amsterdam,,https://angel.co/company/antler/jobs/516398-recruitment-internship
Internal Recruiter,Operations,Antler,London,£35k – £40k • No equity,https://angel.co/company/antler/jobs/582332-internal-recruiter
Finance Internship,Operations,Antler,Amsterdam,,https://angel.co/company/antler/jobs/588675-finance-internship
Global Head of Structuring and Compliance ,Operations,Antler,Singapore,,https://angel.co/company/antler/jobs/592121-global-head-of-structuring-and-compliance
International Launcher,Operations,Antler,Singapore,,https://angel.co/company/antler/jobs/622564-international-launcher
Operations Intern,Operations,Antler,Oslo,No salary • No equity,https://angel.co/company/antler/jobs/679501-operations-intern
Technology Internship,Software Engineer,Antler,Singapore,,https://angel.co/company/antler/jobs/490486-technology-internship
Founder at Antler Nairobi,Software Engineer,Antler,Nairobi,,https://angel.co/company/antler/jobs/665684-founder-at-antler-nairobi
Program internship,Software Engineer,Antler,Singapore,No salary • No equity,https://angel.co/company/antler/jobs/675347-program-internship
Global Product/Business Internship,Other,Antler,Singapore,,https://angel.co/company/antler/jobs/490484-global-product-business-internship
"Director, Antler Indonesia",Other,Antler,Jakarta,,https://angel.co/company/antler/jobs/625914-director-antler-indonesia
UI/UX Designer,Designer,Liferithms,Lagos,$3k – $10k • No equity,https://angel.co/company/liferithms/jobs/637186-ui-ux-designer
React Native Developer,Software Engineer,Liferithms,Lagos,$3k – $10k • No equity,https://angel.co/company/liferithms/jobs/636447-react-native-developer
Frontend Developer,Software Engineer,Liferithms,Lagos,$3k – $10k • No equity,https://angel.co/company/liferithms/jobs/636451-frontend-developer
Frontend & React Native Developer,Software Engineer,Liferithms,Lagos,$3k – $10k • No equity,https://angel.co/company/liferithms/jobs/636455-frontend-react-native-developer
Regional Director,Sales,Grade,Cape Town,$35k – $45k • No equity,https://angel.co/company/grade-6/jobs/661508-regional-director
Webinar Sales Representative,Sales,ReturnOnSaas,South Africa,$7k – $10k • No equity,https://angel.co/company/returnonsaas/jobs/643215-webinar-sales-representative
Business Operations Manager,Operations,WellPower,Kenya,$5k – $15k • 0.0% – 5.0%,https://angel.co/company/wellpower/jobs/577608-business-operations-manager
Software Developer,Software Engineer,Corporate Headhunters,Lagos,$9k – $11k • No equity,https://angel.co/company/corporate-headhunters/jobs/651882-software-developer
CTO Co-Founder,Management,OmniPA,Lisbon,No salary • 10.0% – 20.0%,https://angel.co/company/omnipa/jobs/637976-cto-co-founder
Copywriter Internship,Marketing,OmniPA,Remote,No salary • No equity,https://angel.co/company/omnipa/jobs/665422-copywriter-internship
Virtual Executive Assistant,Operations,OmniPA,Remote,€15k – €20k • No equity,https://angel.co/company/omnipa/jobs/585130-virtual-executive-assistant
"Product Manager, Optimization",Other,OmniPA,Cape Town,€10k – €12k • No equity,https://angel.co/company/omnipa/jobs/643120-product-manager-optimization
Customer Service Representative,Operations,Sabi Collections,Lagos,$2k – $3k • No equity,https://angel.co/company/sabi-collections/jobs/558103-customer-service-representative
Inventory Manager,Operations,Sabi Collections,Lagos,$3k – $4k • No equity,https://angel.co/company/sabi-collections/jobs/558104-inventory-manager
Social Media Manager,Sales,Sabi Collections,Lagos,$3k – $4k • No equity,https://angel.co/company/sabi-collections/jobs/558106-social-media-manager
Ecommerce Manager,Other,Sabi Collections,Lagos,$5k – $10k • No equity,https://angel.co/company/sabi-collections/jobs/558023-ecommerce-manager
